version_id,document_id,competitor,source_type,overall_decision,reason_codes,raw_path,url,review_agent,reviewed_at
ver_fc7d3e9c10bac3dca3b31a57,doc_001516c2a8004ee7b354c949,CodeGeeX,github_issue,NEEDS_REVIEW,"[""NO_DIMENSION_LABEL""]",data/raw/codegeex/github_issue/20260717T031124Z_6bad9f7c/fa9a561dfdd23121e6cc0471.json,https://github.com/zai-org/CodeGeeX/issues/277,codex-ai-precheck,2026-07-17T03:45:48.495681Z
ver_7ab68d395d95220a2a462696,doc_02d89c2f610eb980065607c9,CodeGeeX,github_issue,NEEDS_REVIEW,"[""NO_DIMENSION_LABEL"", ""CONTENT_TOO_SHORT""]",data/raw/codegeex/github_issue/20260717T031124Z_6bad9f7c/e54fd0be41ba66d3022a71a4.json,https://github.com/zai-org/CodeGeeX4/issues/134,codex-ai-precheck,2026-07-17T03:45:48.495681Z
ver_e838f3e477c73c9cef6cff4e,doc_03b7232a7650beeaff992ca1,CodeGeeX,github_issue,NEEDS_REVIEW,"[""NO_DIMENSION_LABEL""]",data/raw/codegeex/github_issue/20260717T031124Z_6bad9f7c/cb2bbac29d082ed0f51ed708.json,https://github.com/zai-org/CodeGeeX4/issues/153,codex-ai-precheck,2026-07-17T03:45:48.495681Z
ver_1769f3166904346830bf2fc5,doc_05a481ef3a52e8096e6d8e27,CodeGeeX,github_issue,NEEDS_REVIEW,"[""NO_DIMENSION_LABEL"", ""CONTENT_TOO_SHORT""]",data/raw/codegeex/github_issue/20260717T031124Z_6bad9f7c/ec520259059818b47fb5bca2.json,https://github.com/zai-org/CodeGeeX/issues/294,codex-ai-precheck,2026-07-17T03:45:48.495681Z
ver_bc7fcf52e23cb22623e6e297,doc_1165254a43df4f1419eb8f96,CodeGeeX,github_issue,NEEDS_REVIEW,"[""NO_DIMENSION_LABEL"", ""CONTENT_TOO_SHORT""]",data/raw/codegeex/github_issue/20260717T031124Z_6bad9f7c/e9671441bef39efb68e41d3b.json,https://github.com/zai-org/CodeGeeX4/issues/142,codex-ai-precheck,2026-07-17T03:45:48.495681Z
ver_beacb3e7b79f0ad1887e4b73,doc_1b6f8aa6d61027543dc6fe12,CodeGeeX,github_issue,NEEDS_REVIEW,"[""NO_DIMENSION_LABEL""]",data/raw/codegeex/github_issue/20260713T162601Z_fda2c425/017bad97c25cf72b57d28c56.json,https://github.com/zai-org/CodeGeeX/issues/252,codex-ai-precheck,2026-07-17T03:45:48.495681Z
ver_924502cedbc1d3a50704f082,doc_2520ba6afdabe69b4f8a8f54,CodeGeeX,github_issue,NEEDS_REVIEW,"[""SENSITIVE_LONG_NUMBER""]",data/raw/codegeex/github_issue/20260717T031124Z_6bad9f7c/1adbc9b18a8c99d9f05dae93.json,https://github.com/zai-org/CodeGeeX4/issues/137,codex-ai-precheck,2026-07-17T03:45:48.495681Z
ver_029f76771a973db609f5cca5,doc_422f770c64ac9c16448a2edc,CodeGeeX,github_issue,NEEDS_REVIEW,"[""CONTENT_TOO_SHORT""]",data/raw/codegeex/github_issue/20260717T031124Z_6bad9f7c/6574bc4c619e36576c839c13.json,https://github.com/zai-org/CodeGeeX4/issues/120,codex-ai-precheck,2026-07-17T03:45:48.495681Z
ver_41c9e07af2494e95de1c1a37,doc_49aab8798d40135007c054f4,CodeGeeX,github_issue,NEEDS_REVIEW,"[""NO_DIMENSION_LABEL"", ""CONTENT_TOO_SHORT""]",data/raw/codegeex/github_issue/20260717T031124Z_6bad9f7c/01aa2d0a7b8d4a76b7159250.json,https://github.com/zai-org/CodeGeeX4/issues/126,codex-ai-precheck,2026-07-17T03:45:48.495681Z
ver_5869711dcacd667acdbbaf60,doc_4d0602486c2cb7d8f9c0780a,CodeGeeX,github_issue,NEEDS_REVIEW,"[""NO_DIMENSION_LABEL""]",data/raw/codegeex/github_issue/20260717T031124Z_6bad9f7c/94f5041808015b92d84691cb.json,https://github.com/zai-org/CodeGeeX4/issues/160,codex-ai-precheck,2026-07-17T03:45:48.495681Z
ver_1691b4e91a6ea989059f59ec,doc_679c423086d6e742303ba5db,CodeGeeX,github_issue,NEEDS_REVIEW,"[""NO_DIMENSION_LABEL"", ""CONTENT_TOO_SHORT""]",data/raw/codegeex/github_issue/20260717T031124Z_6bad9f7c/a631d92145a4f454a015c404.json,https://github.com/zai-org/CodeGeeX4/issues/144,codex-ai-precheck,2026-07-17T03:45:48.495681Z
ver_6379da5081909d4d972e6d6e,doc_6ecef263e02ad8fe28a54a98,CodeGeeX,github_issue,NEEDS_REVIEW,"[""NO_DIMENSION_LABEL""]",data/raw/codegeex/github_issue/20260717T031124Z_6bad9f7c/b3ff74e520d86559590ce1dd.json,https://github.com/zai-org/CodeGeeX/issues/300,codex-ai-precheck,2026-07-17T03:45:48.495681Z
ver_b3c2275977539e14923034fb,doc_6fc7138f0dd4db1848553df9,CodeGeeX,github_issue,NEEDS_REVIEW,"[""NO_DIMENSION_LABEL"", ""CONTENT_TOO_SHORT""]",data/raw/codegeex/github_issue/20260717T031124Z_6bad9f7c/294562e6bd8ff603f586fa0e.json,https://github.com/zai-org/CodeGeeX/issues/296,codex-ai-precheck,2026-07-17T03:45:48.495681Z
ver_acb607ea0cb484a352a651a0,doc_77b557f5566d1b1333a9f148,CodeGeeX,github_issue,NEEDS_REVIEW,"[""CONTENT_TOO_SHORT""]",data/raw/codegeex/github_issue/20260717T031124Z_6bad9f7c/c6b34f635dc44f4e7a2a1252.json,https://github.com/zai-org/CodeGeeX4/issues/146,codex-ai-precheck,2026-07-17T03:45:48.495681Z
ver_bdc116a21d75b28adc4e639d,doc_810e9243f94afd369c7b9170,CodeGeeX,github_issue,NEEDS_REVIEW,"[""NO_DIMENSION_LABEL""]",data/raw/codegeex/github_issue/20260717T031124Z_6bad9f7c/b98d759badb8805e38016a77.json,https://github.com/zai-org/CodeGeeX4/issues/128,codex-ai-precheck,2026-07-17T03:45:48.495681Z
ver_63d92921da2009a4830feb8b,doc_89cb34c163f31545e9901e3f,CodeGeeX,github_issue,NEEDS_REVIEW,"[""NO_DIMENSION_LABEL""]",data/raw/codegeex/github_issue/20260717T031124Z_6bad9f7c/3bee23e6975eca3ca0008f9e.json,https://github.com/zai-org/CodeGeeX/issues/299,codex-ai-precheck,2026-07-17T03:45:48.495681Z
ver_c46d95f6436a019d7fc7a060,doc_8e2194c3bfd1e9279bfd49c6,CodeGeeX,github_issue,NEEDS_REVIEW,"[""SENSITIVE_LOCAL_USER_PATH""]",data/raw/codegeex/github_issue/20260717T031124Z_6bad9f7c/145a3c2b70c78d4250448b97.json,https://github.com/zai-org/CodeGeeX4/issues/141,codex-ai-precheck,2026-07-17T03:45:48.495681Z
ver_8329d58f051e02bff931cc8f,doc_98ee6da02d14ae532cac6a32,CodeGeeX,github_issue,NEEDS_REVIEW,"[""NO_DIMENSION_LABEL""]",data/raw/codegeex/github_issue/20260717T031124Z_6bad9f7c/72836236d75a4b343a145a9c.json,https://github.com/zai-org/CodeGeeX4/issues/167,codex-ai-precheck,2026-07-17T03:45:48.495681Z
ver_119c892e3f63b68525165a4a,doc_9cb6de189d7ca6fc379231a4,CodeGeeX,github_issue,NEEDS_REVIEW,"[""NO_DIMENSION_LABEL""]",data/raw/codegeex/github_issue/20260717T031124Z_6bad9f7c/902c93461e2212424593074f.json,https://github.com/zai-org/CodeGeeX/issues/90,codex-ai-precheck,2026-07-17T03:45:48.495681Z
ver_f1152ce1b3531f363dfff764,doc_b286dc0e67e71b4d98a84254,CodeGeeX,github_issue,NEEDS_REVIEW,"[""NO_DIMENSION_LABEL""]",data/raw/codegeex/github_issue/20260717T031124Z_6bad9f7c/1a5f800d4bcb9b3d52a65971.json,https://github.com/zai-org/CodeGeeX4/issues/129,codex-ai-precheck,2026-07-17T03:45:48.495681Z
ver_38ebaec709f364e57fd2e451,doc_bb355dc5bc631807f4e39c97,CodeGeeX,github_issue,NEEDS_REVIEW,"[""CONTENT_TOO_SHORT""]",data/raw/codegeex/github_issue/20260717T031124Z_6bad9f7c/fdea64bea1725513248ab761.json,https://github.com/zai-org/CodeGeeX4/issues/133,codex-ai-precheck,2026-07-17T03:45:48.495681Z
ver_1c3f748bc736c4076381391b,doc_e2c8ac7c2c2d72e9643995fa,CodeGeeX,github_issue,NEEDS_REVIEW,"[""NO_DIMENSION_LABEL"", ""CONTENT_TOO_SHORT""]",data/raw/codegeex/github_issue/20260717T031124Z_6bad9f7c/885e0cf17a7d001f7793a3de.json,https://github.com/zai-org/CodeGeeX4/issues/145,codex-ai-precheck,2026-07-17T03:45:48.495681Z
ver_794615cb745cf7ccfcccf0c8,doc_e9c2dab8efe5b0a1e5470895,CodeGeeX,github_issue,NEEDS_REVIEW,"[""NO_DIMENSION_LABEL"", ""CONTENT_TOO_SHORT""]",data/raw/codegeex/github_issue/20260717T031124Z_6bad9f7c/4b44c0e454a2ef8a77a59f68.json,https://github.com/zai-org/CodeGeeX4/issues/139,codex-ai-precheck,2026-07-17T03:45:48.495681Z
ver_f812b646d79665bc8c4adf75,doc_f2297c5da222ed0a11415844,CodeGeeX,github_issue,NEEDS_REVIEW,"[""NO_DIMENSION_LABEL""]",data/raw/codegeex/github_issue/20260717T031124Z_6bad9f7c/7a333bbfc2345e9b7ef27ca2.json,https://github.com/zai-org/CodeGeeX4/issues/166,codex-ai-precheck,2026-07-17T03:45:48.495681Z
ver_a4a66f4c7bdac7d28160c3af,doc_f7112ada8b8a2bb261ab3e2c,CodeGeeX,github_issue,NEEDS_REVIEW,"[""NO_DIMENSION_LABEL""]",data/raw/codegeex/github_issue/20260717T031124Z_6bad9f7c/d4ca400755314d95d7ab0b07.json,https://github.com/zai-org/CodeGeeX4/issues/159,codex-ai-precheck,2026-07-17T03:45:48.495681Z
ver_5c5378cbbbb0e53785dc468b,doc_f8a2eaca46d39244a5479e40,CodeGeeX,github_issue,NEEDS_REVIEW,"[""NOISE_REPEATED_LINE""]",data/raw/codegeex/github_issue/20260717T031124Z_6bad9f7c/9ef240e80cc6b05527eb9cf7.json,https://github.com/zai-org/CodeGeeX/issues/275,codex-ai-precheck,2026-07-17T03:45:48.495681Z
ver_f04d6fe8e5873e3cf761c08e,doc_629f20c4683b58d96d6b2bf1,GitHub Copilot,github_issue,NEEDS_REVIEW,"[""SENSITIVE_PHONE""]",data/raw/github_copilot/github_issue/20260717T031124Z_6bad9f7c/8eab65fbf88b2257cad53e38.json,https://github.com/microsoft/vscode-copilot-chat/issues/5101,codex-ai-precheck,2026-07-17T03:45:48.495681Z
ver_717726366d7e72ae07938f24,doc_023c0447193015c54ed7f9d5,GitHub Copilot,github_release,NEEDS_REVIEW,"[""NO_DIMENSION_LABEL"", ""CONTENT_TOO_SHORT""]",data/raw/github_copilot/github_release/20260717T031124Z_6bad9f7c/7764e4b79f82815aba33321a.json,https://github.com/microsoft/vscode-copilot-chat/releases/tag/v0.41.2026031903,codex-ai-precheck,2026-07-17T03:45:48.495681Z
ver_61906ef91586ff040a05dc1a,doc_06dea2f9a82953b498c8c835,GitHub Copilot,github_release,NEEDS_REVIEW,"[""NO_DIMENSION_LABEL"", ""CONTENT_TOO_SHORT""]",data/raw/github_copilot/github_release/20260717T031124Z_6bad9f7c/279bdc5479d0d774e5672cd7.json,https://github.com/microsoft/vscode-copilot-chat/releases/tag/v0.32.2025091102,codex-ai-precheck,2026-07-17T03:45:48.495681Z
ver_eacc570252d83ad542d668f4,doc_0eaf1284a53f5732f224130c,GitHub Copilot,github_release,NEEDS_REVIEW,"[""NO_DIMENSION_LABEL"", ""CONTENT_TOO_SHORT""]",data/raw/github_copilot/github_release/20260717T031124Z_6bad9f7c/38f24b5c5f3af15625173f87.json,https://github.com/microsoft/vscode-copilot-chat/releases/tag/v0.34.2025120502,codex-ai-precheck,2026-07-17T03:45:48.495681Z
ver_eecc3e83f6c02dcb55530511,doc_0f1c7d374eba8d1c121226a9,GitHub Copilot,github_release,NEEDS_REVIEW,"[""NO_DIMENSION_LABEL"", ""CONTENT_TOO_SHORT""]",data/raw/github_copilot/github_release/20260717T031124Z_6bad9f7c/2bf30f4a607b980aaa2b55ca.json,https://github.com/microsoft/vscode-copilot-chat/releases/tag/v0.31.2025082701,codex-ai-precheck,2026-07-17T03:45:48.495681Z
ver_89afd01ea30082af3fc75875,doc_0fbadd6860de1ca89d682bde,GitHub Copilot,github_release,NEEDS_REVIEW,"[""NO_DIMENSION_LABEL""]",data/raw/github_copilot/github_release/20260717T031124Z_6bad9f7c/f962db8081c00cb9e32a4cc8.json,https://github.com/microsoft/vscode-copilot-chat/releases/tag/v0.34.2025111803,codex-ai-precheck,2026-07-17T03:45:48.495681Z
ver_d95e98ebd468753acb93936b,doc_109e631a89121396ac69f019,GitHub Copilot,github_release,NEEDS_REVIEW,"[""NO_DIMENSION_LABEL""]",data/raw/github_copilot/github_release/20260717T031124Z_6bad9f7c/6d25259bc18688f39ce2929d.json,https://github.com/microsoft/vscode-copilot-chat/releases/tag/v0.41.2,codex-ai-precheck,2026-07-17T03:45:48.495681Z
ver_bf9f654fb4113e949b94dbc4,doc_18364c6cae4c3b8fd05e1c85,GitHub Copilot,github_release,NEEDS_REVIEW,"[""NO_DIMENSION_LABEL"", ""CONTENT_TOO_SHORT""]",data/raw/github_copilot/github_release/20260717T031124Z_6bad9f7c/09abdd03d22d6367a81c4907.json,https://github.com/microsoft/vscode-copilot-chat/releases/tag/v0.37.0,codex-ai-precheck,2026-07-17T03:45:48.495681Z
ver_7c28646d9f1bbef48214e9b0,doc_1aab2577c2208878ccb2ac47,GitHub Copilot,github_release,NEEDS_REVIEW,"[""NO_DIMENSION_LABEL""]",data/raw/github_copilot/github_release/20260717T031124Z_6bad9f7c/5b37d4c14776313989c7f289.json,https://github.com/microsoft/vscode-copilot-chat/releases/tag/v0.42.3,codex-ai-precheck,2026-07-17T03:45:48.495681Z
ver_23b4e27c49886cd1fad491d3,doc_1ac8a1632fcbfede2edc6531,GitHub Copilot,github_release,NEEDS_REVIEW,"[""NO_DIMENSION_LABEL"", ""CONTENT_TOO_SHORT""]",data/raw/github_copilot/github_release/20260717T031124Z_6bad9f7c/d1886da279b9034af6e63e6e.json,https://github.com/microsoft/vscode-copilot-chat/releases/tag/v0.36.2026010701,codex-ai-precheck,2026-07-17T03:45:48.495681Z
ver_70a72ea9fe25038a7f56ca6e,doc_1b6dd1a7cbae39df4f2d8405,GitHub Copilot,github_release,NEEDS_REVIEW,"[""NO_DIMENSION_LABEL""]",data/raw/github_copilot/github_release/20260717T031124Z_6bad9f7c/5547738a445f1601821eb1d9.json,https://github.com/microsoft/vscode-copilot-chat/releases/tag/v0.40.2026031302,codex-ai-precheck,2026-07-17T03:45:48.495681Z
ver_12cc3dd4405b790d14ca5f61,doc_1c467c58ad1ac8f30152babd,GitHub Copilot,github_release,NEEDS_REVIEW,"[""NO_DIMENSION_LABEL""]",data/raw/github_copilot/github_release/20260717T031124Z_6bad9f7c/20880508cdf2b7d4d901bf0a.json,https://github.com/microsoft/vscode-copilot-chat/releases/tag/v0.37.5,codex-ai-precheck,2026-07-17T03:45:48.495681Z
ver_5245d2f004e6dd36153b9b6d,doc_1c701fad0c26f045e1f9bab7,GitHub Copilot,github_release,NEEDS_REVIEW,"[""NO_DIMENSION_LABEL""]",data/raw/github_copilot/github_release/20260717T031124Z_6bad9f7c/c254e18558d8e73f646f3001.json,https://github.com/microsoft/vscode-copilot-chat/releases/tag/v0.37.1,codex-ai-precheck,2026-07-17T03:45:48.495681Z
ver_17752928c4d4788fd896f8f5,doc_1d07cbc34aa4f40edf9cd0fd,GitHub Copilot,github_release,NEEDS_REVIEW,"[""NO_DIMENSION_LABEL""]",data/raw/github_copilot/github_release/20260717T031124Z_6bad9f7c/52c02ab244ae404ea6606bfe.json,https://github.com/microsoft/vscode-copilot-chat/releases/tag/v0.31.2025090903,codex-ai-precheck,2026-07-17T03:45:48.495681Z
ver_9c97b9f1e3f09c0848c21892,doc_1d46e1a9b8abf88868e7bf93,GitHub Copilot,github_release,NEEDS_REVIEW,"[""NO_DIMENSION_LABEL""]",data/raw/github_copilot/github_release/20260717T031124Z_6bad9f7c/4c64217824685db679e91746.json,https://github.com/microsoft/vscode-copilot-chat/releases/tag/v0.40.2026031103,codex-ai-precheck,2026-07-17T03:45:48.495681Z
ver_fa5924e067d4e26056cc2640,doc_20415bd35605f3b57be3ca83,GitHub Copilot,github_release,NEEDS_REVIEW,"[""NO_DIMENSION_LABEL"", ""CONTENT_TOO_SHORT""]",data/raw/github_copilot/github_release/20260717T031124Z_6bad9f7c/7beda5d217d00f4eadf504ba.json,https://github.com/microsoft/vscode-copilot-chat/releases/tag/v0.37.2026010802,codex-ai-precheck,2026-07-17T03:45:48.495681Z
ver_ce5a0188664103cb62105eb3,doc_22c46466e18309d7e2100859,GitHub Copilot,github_release,NEEDS_REVIEW,"[""NO_DIMENSION_LABEL"", ""CONTENT_TOO_SHORT""]",data/raw/github_copilot/github_release/20260717T031124Z_6bad9f7c/fc16104709f098b3cde0f85f.json,https://github.com/microsoft/vscode-copilot-chat/releases/tag/v0.37.2026013101,codex-ai-precheck,2026-07-17T03:45:48.495681Z
ver_09cb2d6e957de4b94f6ff009,doc_24f23be28d391ba384f9b6f2,GitHub Copilot,github_release,NEEDS_REVIEW,"[""NO_DIMENSION_LABEL"", ""CONTENT_TOO_SHORT""]",data/raw/github_copilot/github_release/20260717T031124Z_6bad9f7c/164834f58a05837ebd0bf368.json,https://github.com/microsoft/vscode-copilot-chat/releases/tag/v0.32.2025092601,codex-ai-precheck,2026-07-17T03:45:48.495681Z
ver_5ab07d3decbb828f5105b5db,doc_281077c189cb0da364b1ae56,GitHub Copilot,github_release,NEEDS_REVIEW,"[""NO_DIMENSION_LABEL""]",data/raw/github_copilot/github_release/20260717T031124Z_6bad9f7c/a4293cf8c6a86dd7037e1abc.json,https://github.com/microsoft/vscode-copilot-chat/releases/tag/v0.34.2025111302,codex-ai-precheck,2026-07-17T03:45:48.495681Z
ver_cbcffa23cc9c608f0b88c48c,doc_2a156952abce461fb2c84b4b,GitHub Copilot,github_release,NEEDS_REVIEW,"[""NO_DIMENSION_LABEL""]",data/raw/github_copilot/github_release/20260717T031124Z_6bad9f7c/f46e0ae0ebb098fd1d608a66.json,https://github.com/microsoft/vscode-copilot-chat/releases/tag/v0.38.2026022505,codex-ai-precheck,2026-07-17T03:45:48.495681Z
ver_d5552339eef3e0b5353435a0,doc_2a17d6251915ca2c17664183,GitHub Copilot,github_release,NEEDS_REVIEW,"[""NO_DIMENSION_LABEL"", ""CONTENT_TOO_SHORT""]",data/raw/github_copilot/github_release/20260717T031124Z_6bad9f7c/9926660b76d4a094b8c241f1.json,https://github.com/microsoft/vscode-copilot-chat/releases/tag/v0.39.0,codex-ai-precheck,2026-07-17T03:45:48.495681Z
ver_83eb49032266dacaa6b7aed6,doc_2a31067e0349bdab04bd032a,GitHub Copilot,github_release,NEEDS_REVIEW,"[""NO_DIMENSION_LABEL""]",data/raw/github_copilot/github_release/20260717T031124Z_6bad9f7c/28d2043408e7b1ce2f511273.json,https://github.com/microsoft/vscode-copilot-chat/releases/tag/v0.37.2026012002,codex-ai-precheck,2026-07-17T03:45:48.495681Z
ver_d36ab3d966007360a4496759,doc_2e1d1de8ef929f7b7e47bd89,GitHub Copilot,github_release,NEEDS_REVIEW,"[""NO_DIMENSION_LABEL""]",data/raw/github_copilot/github_release/20260717T031124Z_6bad9f7c/e4545ccb7c29f3ce631f0051.json,https://github.com/microsoft/vscode-copilot-chat/releases/tag/v0.32.2025100302,codex-ai-precheck,2026-07-17T03:45:48.495681Z
ver_c33a17a09e136081187980c2,doc_30dc16aeaf436788d02d9515,GitHub Copilot,github_release,NEEDS_REVIEW,"[""NO_DIMENSION_LABEL"", ""CONTENT_TOO_SHORT""]",data/raw/github_copilot/github_release/20260717T031124Z_6bad9f7c/48bb5d80619b3958b102094f.json,https://github.com/microsoft/vscode-copilot-chat/releases/tag/v0.43.0,codex-ai-precheck,2026-07-17T03:45:48.495681Z
ver_28e9da3d46c8a6d54e554c7d,doc_32a5330cb4d67e441da786c4,GitHub Copilot,github_release,NEEDS_REVIEW,"[""NO_DIMENSION_LABEL"", ""CONTENT_TOO_SHORT""]",data/raw/github_copilot/github_release/20260717T031124Z_6bad9f7c/3ff10881cc4fd672dfb2e5d8.json,https://github.com/microsoft/vscode-copilot-chat/releases/tag/v0.31.1,codex-ai-precheck,2026-07-17T03:45:48.495681Z
ver_c342877cface3262ba0bf6b2,doc_338543f231f3710ec3a6e4c8,GitHub Copilot,github_release,NEEDS_REVIEW,"[""NO_DIMENSION_LABEL""]",data/raw/github_copilot/github_release/20260717T031124Z_6bad9f7c/afa7f4658f93972f7134fca1.json,https://github.com/microsoft/vscode-copilot-chat/releases/tag/v0.31.2025091003,codex-ai-precheck,2026-07-17T03:45:48.495681Z
ver_403bd24050ee0a0bec3cdc73,doc_342e9486477af075c0d5db6d,GitHub Copilot,github_release,NEEDS_REVIEW,"[""NO_DIMENSION_LABEL"", ""CONTENT_TOO_SHORT""]",data/raw/github_copilot/github_release/20260717T031124Z_6bad9f7c/7d526164f8672917e7420b75.json,https://github.com/microsoft/vscode-copilot-chat/releases/tag/v0.43.2026040702,codex-ai-precheck,2026-07-17T03:45:48.495681Z
ver_eef9b85d0032f2c65692b2b9,doc_34c598f3c937e6907cf144f6,GitHub Copilot,github_release,NEEDS_REVIEW,"[""NO_DIMENSION_LABEL"", ""CONTENT_TOO_SHORT""]",data/raw/github_copilot/github_release/20260717T031124Z_6bad9f7c/93f04d3ae79181a40c48e991.json,https://github.com/microsoft/vscode-copilot-chat/releases/tag/v0.31.2025090101,codex-ai-precheck,2026-07-17T03:45:48.495681Z
ver_3f2157e759ac17a9d6d2253e,doc_387489d8ef681f61380611be,GitHub Copilot,github_release,NEEDS_REVIEW,"[""NO_DIMENSION_LABEL"", ""CONTENT_TOO_SHORT""]",data/raw/github_copilot/github_release/20260717T031124Z_6bad9f7c/cb9ef82e1ea9c6769796d96b.json,https://github.com/microsoft/vscode-copilot-chat/releases/tag/v0.38.2026020504,codex-ai-precheck,2026-07-17T03:45:48.495681Z
ver_7aafe9b450942fde97f11287,doc_389735098e3fd4b28d6ab334,GitHub Copilot,github_release,NEEDS_REVIEW,"[""NO_DIMENSION_LABEL""]",data/raw/github_copilot/github_release/20260717T031124Z_6bad9f7c/d50d57cdaf9851fbcb2fbdd8.json,https://github.com/microsoft/vscode-copilot-chat/releases/tag/v0.40.2026031704,codex-ai-precheck,2026-07-17T03:45:48.495681Z
ver_1206bdb2eee7d5884c625516,doc_3906002989f19e1f1e8646d2,GitHub Copilot,github_release,NEEDS_REVIEW,"[""NO_DIMENSION_LABEL"", ""CONTENT_TOO_SHORT""]",data/raw/github_copilot/github_release/20260717T031124Z_6bad9f7c/05e46ea8049df0a988248c00.json,https://github.com/microsoft/vscode-copilot-chat/releases/tag/v0.30.2025080702,codex-ai-precheck,2026-07-17T03:45:48.495681Z
ver_ae5cab3364dc7dd06fac84a3,doc_3d1844677f76595bcdd8ea08,GitHub Copilot,github_release,NEEDS_REVIEW,"[""NO_DIMENSION_LABEL"", ""CONTENT_TOO_SHORT""]",data/raw/github_copilot/github_release/20260717T031124Z_6bad9f7c/db7710da9d618900e6716cc0.json,https://github.com/microsoft/vscode-copilot-chat/releases/tag/v0.41.0,codex-ai-precheck,2026-07-17T03:45:48.495681Z
ver_0c04c0e1c20410fa0e8b3600,doc_41d0caaabaa01ef959a98500,GitHub Copilot,github_release,NEEDS_REVIEW,"[""NO_DIMENSION_LABEL""]",data/raw/github_copilot/github_release/20260717T031124Z_6bad9f7c/2db8e90f08b1476faa0326ff.json,https://github.com/microsoft/vscode-copilot-chat/releases/tag/v0.39.2026030502,codex-ai-precheck,2026-07-17T03:45:48.495681Z
ver_45bcbc166cefbbac9fc67407,doc_483e23fdf6e6d651a8fc04ff,GitHub Copilot,github_release,NEEDS_REVIEW,"[""NO_DIMENSION_LABEL""]",data/raw/github_copilot/github_release/20260717T031124Z_6bad9f7c/7f63e92bf4d026cb4596530e.json,https://github.com/microsoft/vscode-copilot-chat/releases/tag/v0.39.2026030507,codex-ai-precheck,2026-07-17T03:45:48.495681Z
ver_f8cd8212e7dc3a40eb48f0b5,doc_49b03364baf4afae0a7af15c,GitHub Copilot,github_release,NEEDS_REVIEW,"[""NO_DIMENSION_LABEL"", ""CONTENT_TOO_SHORT""]",data/raw/github_copilot/github_release/20260717T031124Z_6bad9f7c/e0b45ac10998a73b97a2c37e.json,https://github.com/microsoft/vscode-copilot-chat/releases/tag/v0.33.2025110601,codex-ai-precheck,2026-07-17T03:45:48.495681Z
ver_674ec4d4f5018cd38d96bc30,doc_4c5af52b1a88b0be598b1249,GitHub Copilot,github_release,NEEDS_REVIEW,"[""NO_DIMENSION_LABEL"", ""CONTENT_TOO_SHORT""]",data/raw/github_copilot/github_release/20260717T031124Z_6bad9f7c/c09e394dbcfcaddd84b0c6b4.json,https://github.com/microsoft/vscode-copilot-chat/releases/tag/v0.32.2025100703,codex-ai-precheck,2026-07-17T03:45:48.495681Z
ver_06ee25cee588cd594ca266cc,doc_4ca168a93011451d72665ce1,GitHub Copilot,github_release,NEEDS_REVIEW,"[""NO_DIMENSION_LABEL""]",data/raw/github_copilot/github_release/20260717T031124Z_6bad9f7c/f0f8cc16fc5e559af29ece7b.json,https://github.com/microsoft/vscode-copilot-chat/releases/tag/v0.37.2026011903,codex-ai-precheck,2026-07-17T03:45:48.495681Z
ver_4caa896acc6a1fd564701b10,doc_53f4f11bdb9aae40a98c8713,GitHub Copilot,github_release,NEEDS_REVIEW,"[""NO_DIMENSION_LABEL"", ""CONTENT_TOO_SHORT""]",data/raw/github_copilot/github_release/20260717T031124Z_6bad9f7c/12725069e1c5e6d2101cd729.json,https://github.com/microsoft/vscode-copilot-chat/releases/tag/v0.31.2025081501,codex-ai-precheck,2026-07-17T03:45:48.495681Z
ver_e5b3bc23c291e13dd2bc0fe2,doc_54d4111b299a387e7a75eca7,GitHub Copilot,github_release,NEEDS_REVIEW,"[""NO_DIMENSION_LABEL"", ""CONTENT_TOO_SHORT""]",data/raw/github_copilot/github_release/20260717T031124Z_6bad9f7c/90087da931438a1623c106cc.json,https://github.com/microsoft/vscode-copilot-chat/releases/tag/v0.30.2025071801,codex-ai-precheck,2026-07-17T03:45:48.495681Z
ver_2842cf63aa22bf7765730b84,doc_55fe6dcd546f6fa1ad4c0666,GitHub Copilot,github_release,NEEDS_REVIEW,"[""NO_DIMENSION_LABEL""]",data/raw/github_copilot/github_release/20260717T031124Z_6bad9f7c/0ad31f8319e839ec75d9994b.json,https://github.com/microsoft/vscode-copilot-chat/releases/tag/v0.31.2025082101,codex-ai-precheck,2026-07-17T03:45:48.495681Z
ver_f2fb44a0b6aa5bcd48bf7c12,doc_5722971be1f484b7a5fc3c3d,GitHub Copilot,github_release,NEEDS_REVIEW,"[""NO_DIMENSION_LABEL"", ""CONTENT_TOO_SHORT""]",data/raw/github_copilot/github_release/20260717T031124Z_6bad9f7c/85dc96afebcdc8db4feeb6a0.json,https://github.com/microsoft/vscode-copilot-chat/releases/tag/v0.43.2026040102,codex-ai-precheck,2026-07-17T03:45:48.495681Z
ver_231da608ddf8778565653181,doc_592be42c809e7a76898c6012,GitHub Copilot,github_release,NEEDS_REVIEW,"[""NO_DIMENSION_LABEL""]",data/raw/github_copilot/github_release/20260717T031124Z_6bad9f7c/bf0b160704dc3787f0529308.json,https://github.com/microsoft/vscode-copilot-chat/releases/tag/v0.37.2026011603,codex-ai-precheck,2026-07-17T03:45:48.495681Z
ver_3fd732d4f40d5eeeeda8a390,doc_5a0427c7c366e521718d7bfc,GitHub Copilot,github_release,NEEDS_REVIEW,"[""NO_DIMENSION_LABEL"", ""CONTENT_TOO_SHORT""]",data/raw/github_copilot/github_release/20260717T031124Z_6bad9f7c/9174326179a1ec159928b576.json,https://github.com/microsoft/vscode-copilot-chat/releases/tag/v0.32.0,codex-ai-precheck,2026-07-17T03:45:48.495681Z
ver_2f6bd7b7b63080543af45d5d,doc_5a1f7756070a7a85be0eeb36,GitHub Copilot,github_release,NEEDS_REVIEW,"[""NO_DIMENSION_LABEL"", ""CONTENT_TOO_SHORT""]",data/raw/github_copilot/github_release/20260717T031124Z_6bad9f7c/10904e74d5191203d1e824b8.json,https://github.com/microsoft/vscode-copilot-chat/releases/tag/v0.30.2025072102,codex-ai-precheck,2026-07-17T03:45:48.495681Z
ver_a6ee0f3fe66d6812988bdc51,doc_5b61330924329a831e2a3bfd,GitHub Copilot,github_release,NEEDS_REVIEW,"[""NO_DIMENSION_LABEL""]",data/raw/github_copilot/github_release/20260717T031124Z_6bad9f7c/fdf7074f81289d2e3b51d315.json,https://github.com/microsoft/vscode-copilot-chat/releases/tag/v0.31.2,codex-ai-precheck,2026-07-17T03:45:48.495681Z
ver_e8f5eaf7901b5a8cc525c3da,doc_5d150e90537e0843d6d4d8cf,GitHub Copilot,github_release,NEEDS_REVIEW,"[""NO_DIMENSION_LABEL"", ""CONTENT_TOO_SHORT""]",data/raw/github_copilot/github_release/20260717T031124Z_6bad9f7c/841b78e5a6689fddb1894661.json,https://github.com/microsoft/vscode-copilot-chat/releases/tag/v0.39.2026030601,codex-ai-precheck,2026-07-17T03:45:48.495681Z
ver_28796b1d219ada00a7c1f3cd,doc_5ed3af23d9e7724346ca9389,GitHub Copilot,github_release,NEEDS_REVIEW,"[""NO_DIMENSION_LABEL""]",data/raw/github_copilot/github_release/20260717T031124Z_6bad9f7c/265dc74601036209eddeab26.json,https://github.com/microsoft/vscode-copilot-chat/releases/tag/v0.37.2026020304,codex-ai-precheck,2026-07-17T03:45:48.495681Z
ver_be9997c0ba482683bc36cb86,doc_60c3ebae62b6701e06657dce,GitHub Copilot,github_release,NEEDS_REVIEW,"[""NO_DIMENSION_LABEL""]",data/raw/github_copilot/github_release/20260717T031124Z_6bad9f7c/f339beb85dfaef5b44c57182.json,https://github.com/microsoft/vscode-copilot-chat/releases/tag/v0.33.2025101503,codex-ai-precheck,2026-07-17T03:45:48.495681Z
ver_d5207908df16f458ec9cd195,doc_6275ea9ee8bf4594ef07449b,GitHub Copilot,github_release,NEEDS_REVIEW,"[""NO_DIMENSION_LABEL"", ""CONTENT_TOO_SHORT""]",data/raw/github_copilot/github_release/20260717T031124Z_6bad9f7c/b7ed220fbaa7890257b845cc.json,https://github.com/microsoft/vscode-copilot-chat/releases/tag/v0.31.2025082004,codex-ai-precheck,2026-07-17T03:45:48.495681Z
ver_39374589a4698f569d7afc87,doc_63e5e228990927c1a63f1591,GitHub Copilot,github_release,NEEDS_REVIEW,"[""NO_DIMENSION_LABEL""]",data/raw/github_copilot/github_release/20260717T031124Z_6bad9f7c/28b9dc8a6f063bd5c9ef6ee3.json,https://github.com/microsoft/vscode-copilot-chat/releases/tag/v0.32.2025091902,codex-ai-precheck,2026-07-17T03:45:48.495681Z
ver_a21df6bf6482de76a342357e,doc_64c48814ddd802beb68335dc,GitHub Copilot,github_release,NEEDS_REVIEW,"[""NO_DIMENSION_LABEL""]",data/raw/github_copilot/github_release/20260717T031124Z_6bad9f7c/6c871f303ecd86df746150a9.json,https://github.com/microsoft/vscode-copilot-chat/releases/tag/v0.38.2026030304,codex-ai-precheck,2026-07-17T03:45:48.495681Z
ver_eaee58953e7527d44488c084,doc_669530d48e1885b916de5e91,GitHub Copilot,github_release,NEEDS_REVIEW,"[""NO_DIMENSION_LABEL"", ""CONTENT_TOO_SHORT""]",data/raw/github_copilot/github_release/20260717T031124Z_6bad9f7c/6a461d319149e09bd97f8bef.json,https://github.com/microsoft/vscode-copilot-chat/releases/tag/v0.37.2026011301,codex-ai-precheck,2026-07-17T03:45:48.495681Z
ver_51b3a352e8b09033468ac49e,doc_688aa0996eeef7fdd6d16b6f,GitHub Copilot,github_release,NEEDS_REVIEW,"[""NO_DIMENSION_LABEL"", ""CONTENT_TOO_SHORT""]",data/raw/github_copilot/github_release/20260717T031124Z_6bad9f7c/473cceabe1418b8f0ad741dd.json,https://github.com/microsoft/vscode-copilot-chat/releases/tag/v0.37.2026011501,codex-ai-precheck,2026-07-17T03:45:48.495681Z
ver_d5266f837928ce37e47b3017,doc_68c7f1f3743b42beb8d37dba,GitHub Copilot,github_release,NEEDS_REVIEW,"[""NO_DIMENSION_LABEL""]",data/raw/github_copilot/github_release/20260717T031124Z_6bad9f7c/8cd74dacffd64db1480273fc.json,https://github.com/microsoft/vscode-copilot-chat/releases/tag/v0.42.2026032602,codex-ai-precheck,2026-07-17T03:45:48.495681Z
ver_b8fb5b238b9ebe06ef30994f,doc_6934a6d5cd276687ed70c114,GitHub Copilot,github_release,NEEDS_REVIEW,"[""NO_DIMENSION_LABEL"", ""CONTENT_TOO_SHORT""]",data/raw/github_copilot/github_release/20260717T031124Z_6bad9f7c/0c5e599261719c45266047e7.json,https://github.com/microsoft/vscode-copilot-chat/releases/tag/v0.38.0,codex-ai-precheck,2026-07-17T03:45:48.495681Z
ver_f508af528c700ffd84e510f3,doc_6d16c3ecdc552932f200c2dc,GitHub Copilot,github_release,NEEDS_REVIEW,"[""NO_DIMENSION_LABEL""]",data/raw/github_copilot/github_release/20260717T031124Z_6bad9f7c/5d944a425ae17addc1ae2a66.json,https://github.com/microsoft/vscode-copilot-chat/releases/tag/v0.38.2026020912,codex-ai-precheck,2026-07-17T03:45:48.495681Z
ver_751c5c0c5abda870db1f8929,doc_6de216894d1b91d48d9f9776,GitHub Copilot,github_release,NEEDS_REVIEW,"[""NO_DIMENSION_LABEL"", ""CONTENT_TOO_SHORT""]",data/raw/github_copilot/github_release/20260717T031124Z_6bad9f7c/b9a1384c5038e908278235d3.json,https://github.com/microsoft/vscode-copilot-chat/releases/tag/v0.32.2025091501,codex-ai-precheck,2026-07-17T03:45:48.495681Z
ver_06b7db2f6f0f7db8e94899fb,doc_6e05e1f505f51753ae16c3db,GitHub Copilot,github_release,NEEDS_REVIEW,"[""NO_DIMENSION_LABEL"", ""CONTENT_TOO_SHORT""]",data/raw/github_copilot/github_release/20260717T031124Z_6bad9f7c/43cde458b3b5c28e888e2eec.json,https://github.com/microsoft/vscode-copilot-chat/releases/tag/v0.38.2026020505,codex-ai-precheck,2026-07-17T03:45:48.495681Z
ver_7e61ff805d2cabe6dd57555a,doc_6e4d3b6f8cdc42ba647df89c,GitHub Copilot,github_release,NEEDS_REVIEW,"[""NO_DIMENSION_LABEL""]",data/raw/github_copilot/github_release/20260717T031124Z_6bad9f7c/ce05562f4e6749a5becc6d4e.json,https://github.com/microsoft/vscode-copilot-chat/releases/tag/v0.38.2026021905,codex-ai-precheck,2026-07-17T03:45:48.495681Z
ver_9fd9deacc0068b83b45650e7,doc_6f2b8a2268e5e9187f652ebf,GitHub Copilot,github_release,NEEDS_REVIEW,"[""NO_DIMENSION_LABEL""]",data/raw/github_copilot/github_release/20260717T031124Z_6bad9f7c/f5c893c946e6dc78b157acc8.json,https://github.com/microsoft/vscode-copilot-chat/releases/tag/v0.38.2026022503,codex-ai-precheck,2026-07-17T03:45:48.495681Z
ver_420173e2cf60bd96d560d52a,doc_7036bcfb0f80df092e2786e6,GitHub Copilot,github_release,NEEDS_REVIEW,"[""NO_DIMENSION_LABEL""]",data/raw/github_copilot/github_release/20260717T031124Z_6bad9f7c/ccc75c02241ef83f5ab557f3.json,https://github.com/microsoft/vscode-copilot-chat/releases/tag/v0.38.2026021302,codex-ai-precheck,2026-07-17T03:45:48.495681Z
ver_4c576aa136e4cb64deec111c,doc_72d356605083947f538b0823,GitHub Copilot,github_release,NEEDS_REVIEW,"[""NO_DIMENSION_LABEL"", ""CONTENT_TOO_SHORT""]",data/raw/github_copilot/github_release/20260717T031124Z_6bad9f7c/c5819fdcc00c5bc9782d08a0.json,https://github.com/microsoft/vscode-copilot-chat/releases/tag/v0.33.2025111102,codex-ai-precheck,2026-07-17T03:45:48.495681Z
ver_0a476f5b9d82f9affd67d5e6,doc_77058476628a1fbe7bcda860,GitHub Copilot,github_release,NEEDS_REVIEW,"[""NO_DIMENSION_LABEL"", ""CONTENT_TOO_SHORT""]",data/raw/github_copilot/github_release/20260717T031124Z_6bad9f7c/894d54bc1d79f548f56817e8.json,https://github.com/microsoft/vscode-copilot-chat/releases/tag/v0.36.2026010502,codex-ai-precheck,2026-07-17T03:45:48.495681Z
ver_d80c0533c4eae9b90cd31cca,doc_777763455f8ad176db069506,GitHub Copilot,github_release,NEEDS_REVIEW,"[""NO_DIMENSION_LABEL""]",data/raw/github_copilot/github_release/20260717T031124Z_6bad9f7c/0b34d5a4d25b1091bbea1530.json,https://github.com/microsoft/vscode-copilot-chat/releases/tag/v0.35.3,codex-ai-precheck,2026-07-17T03:45:48.495681Z
ver_92ad91449445d31caed840c4,doc_779e861cf8064d73cff1f646,GitHub Copilot,github_release,NEEDS_REVIEW,"[""NO_DIMENSION_LABEL""]",data/raw/github_copilot/github_release/20260717T031124Z_6bad9f7c/e6c9a18724e1aa7a27430a60.json,https://github.com/microsoft/vscode-copilot-chat/releases/tag/v0.38.2026020704,codex-ai-precheck,2026-07-17T03:45:48.495681Z
ver_ded2d9a70df160f82f2c1e45,doc_7811353d611fcea98345855e,GitHub Copilot,github_release,NEEDS_REVIEW,"[""NO_DIMENSION_LABEL"", ""CONTENT_TOO_SHORT""]",data/raw/github_copilot/github_release/20260717T031124Z_6bad9f7c/dce81f8ce7543857958f71a1.json,https://github.com/microsoft/vscode-copilot-chat/releases/tag/v0.38.2026020408,codex-ai-precheck,2026-07-17T03:45:48.495681Z
ver_e3860accde44a427f73cac2d,doc_7861865e0388e76e83a0752b,GitHub Copilot,github_release,NEEDS_REVIEW,"[""NO_DIMENSION_LABEL""]",data/raw/github_copilot/github_release/20260717T031124Z_6bad9f7c/610483061f969661eb98299f.json,https://github.com/microsoft/vscode-copilot-chat/releases/tag/v0.38.2026022801,codex-ai-precheck,2026-07-17T03:45:48.495681Z
ver_1dbd921f332182a604f306aa,doc_78fb6f613de9a9c09aeca4ea,GitHub Copilot,github_release,NEEDS_REVIEW,"[""NO_DIMENSION_LABEL""]",data/raw/github_copilot/github_release/20260717T031124Z_6bad9f7c/4778d2f8ba575fc72cb52dfa.json,https://github.com/microsoft/vscode-copilot-chat/releases/tag/v0.38.2,codex-ai-precheck,2026-07-17T03:45:48.495681Z
ver_5a579b47e2eddfccc80be904,doc_79717f449257d941f601e535,GitHub Copilot,github_release,NEEDS_REVIEW,"[""NO_DIMENSION_LABEL"", ""CONTENT_TOO_SHORT""]",data/raw/github_copilot/github_release/20260717T031124Z_6bad9f7c/fcfb9ca207af361744879499.json,https://github.com/microsoft/vscode-copilot-chat/releases/tag/v0.33.0,codex-ai-precheck,2026-07-17T03:45:48.495681Z
ver_b882b338c667c4a536340e5d,doc_7aaa8db56530ef92ab92777c,GitHub Copilot,github_release,NEEDS_REVIEW,"[""NO_DIMENSION_LABEL""]",data/raw/github_copilot/github_release/20260717T031124Z_6bad9f7c/7c78f42432e22be999e075cf.json,https://github.com/microsoft/vscode-copilot-chat/releases/tag/v0.42.2026032501,codex-ai-precheck,2026-07-17T03:45:48.495681Z
ver_897d184fff3ded31f9cef05c,doc_7bdbec4cf20e0a7ea727aa9b,GitHub Copilot,github_release,NEEDS_REVIEW,"[""NO_DIMENSION_LABEL""]",data/raw/github_copilot/github_release/20260713T162601Z_fda2c425/b9cabac20d66dd54e52f8e65.json,https://github.com/microsoft/vscode-copilot-chat/releases/tag/v0.30.2025071401,codex-ai-precheck,2026-07-17T03:45:48.495681Z
ver_84f7683a974d71330a1a7c69,doc_7d1a1af76be4c6e42e9b55f4,GitHub Copilot,github_release,NEEDS_REVIEW,"[""NO_DIMENSION_LABEL"", ""CONTENT_TOO_SHORT""]",data/raw/github_copilot/github_release/20260717T031124Z_6bad9f7c/3a6850d02b24b3b6d531c79a.json,https://github.com/microsoft/vscode-copilot-chat/releases/tag/v0.41.2026032301,codex-ai-precheck,2026-07-17T03:45:48.495681Z
ver_f5aba0c9f3864162c73157dc,doc_810ad9b15fa4da93dd0d428c,GitHub Copilot,github_release,NEEDS_REVIEW,"[""NO_DIMENSION_LABEL""]",data/raw/github_copilot/github_release/20260717T031124Z_6bad9f7c/69d5f0ae0ae6783b945f5e59.json,https://github.com/microsoft/vscode-copilot-chat/releases/tag/v0.35.2025120903,codex-ai-precheck,2026-07-17T03:45:48.495681Z
ver_3c18368c6b9cd529a6996e28,doc_81434f973da0d78c88b686b0,GitHub Copilot,github_release,NEEDS_REVIEW,"[""NO_DIMENSION_LABEL"", ""CONTENT_TOO_SHORT""]",data/raw/github_copilot/github_release/20260717T031124Z_6bad9f7c/0339211bf5f9bdf347edd2d5.json,https://github.com/microsoft/vscode-copilot-chat/releases/tag/v0.32.2025092301,codex-ai-precheck,2026-07-17T03:45:48.495681Z
ver_a46539ce25db5369be366d49,doc_83d88276abe9637ca1291ac3,GitHub Copilot,github_release,NEEDS_REVIEW,"[""NO_DIMENSION_LABEL""]",data/raw/github_copilot/github_release/20260717T031124Z_6bad9f7c/a496d42f351bf2390d38d704.json,https://github.com/microsoft/vscode-copilot-chat/releases/tag/v0.31.2025082202,codex-ai-precheck,2026-07-17T03:45:48.495681Z
ver_f589a71bb9b7643818c9e5e6,doc_86311f2ea5da115836f9f4ac,GitHub Copilot,github_release,NEEDS_REVIEW,"[""NO_DIMENSION_LABEL"", ""CONTENT_TOO_SHORT""]",data/raw/github_copilot/github_release/20260717T031124Z_6bad9f7c/ef8b5cf039378bded7d2155a.json,https://github.com/microsoft/vscode-copilot-chat/releases/tag/v0.38.2026022603,codex-ai-precheck,2026-07-17T03:45:48.495681Z
ver_ebb2243b65754b3c771ce23c,doc_87eb8eec1046e290dd29ba4f,GitHub Copilot,github_release,NEEDS_REVIEW,"[""NO_DIMENSION_LABEL"", ""CONTENT_TOO_SHORT""]",data/raw/github_copilot/github_release/20260717T031124Z_6bad9f7c/a50a67c341600180cbad1ad3.json,https://github.com/microsoft/vscode-copilot-chat/releases/tag/v0.30.0,codex-ai-precheck,2026-07-17T03:45:48.495681Z
ver_763800a5618ee40ae83bd18c,doc_915e48d83798f1b92af45dcb,GitHub Copilot,github_release,NEEDS_REVIEW,"[""NO_DIMENSION_LABEL""]",data/raw/github_copilot/github_release/20260717T031124Z_6bad9f7c/cf47ec6e24771bdc6bf707e2.json,https://github.com/microsoft/vscode-copilot-chat/releases/tag/v0.33.2025111103,codex-ai-precheck,2026-07-17T03:45:48.495681Z
ver_7024dadc58524899dde4e2d6,doc_91c7f56fc93dcf4053bda4c5,GitHub Copilot,github_release,NEEDS_REVIEW,"[""NO_DIMENSION_LABEL""]",data/raw/github_copilot/github_release/20260717T031124Z_6bad9f7c/c146f66bb99a7805834e95a9.json,https://github.com/microsoft/vscode-copilot-chat/releases/tag/v0.32.2025091201,codex-ai-precheck,2026-07-17T03:45:48.495681Z
ver_14d73c26d83de8fcfd9eb828,doc_91d4141729f06901477c6498,GitHub Copilot,github_release,NEEDS_REVIEW,"[""NO_DIMENSION_LABEL"", ""CONTENT_TOO_SHORT""]",data/raw/github_copilot/github_release/20260717T031124Z_6bad9f7c/96f04ba33253b62c93919b07.json,https://github.com/microsoft/vscode-copilot-chat/releases/tag/v0.37.6,codex-ai-precheck,2026-07-17T03:45:48.495681Z
ver_c8a0c587149ce1740d2fbb0b,doc_92b08908326eb8629369c107,GitHub Copilot,github_release,NEEDS_REVIEW,"[""NO_DIMENSION_LABEL"", ""CONTENT_TOO_SHORT""]",data/raw/github_copilot/github_release/20260717T031124Z_6bad9f7c/d1846b313c6c3ce4d0fbbd45.json,https://github.com/microsoft/vscode-copilot-chat/releases/tag/v0.33.2,codex-ai-precheck,2026-07-17T03:45:48.495681Z
ver_33187860e9963b981d549787,doc_95e10e39c477b5d6e2171387,GitHub Copilot,github_release,NEEDS_REVIEW,"[""NO_DIMENSION_LABEL"", ""CONTENT_TOO_SHORT""]",data/raw/github_copilot/github_release/20260717T031124Z_6bad9f7c/a2160c458251f4d4ca71a48c.json,https://github.com/microsoft/vscode-copilot-chat/releases/tag/v0.31.2025082501,codex-ai-precheck,2026-07-17T03:45:48.495681Z
ver_b60eaff87c506264aaf4c5b8,doc_985041009a616255a5b29601,GitHub Copilot,github_release,NEEDS_REVIEW,"[""NO_DIMENSION_LABEL"", ""CONTENT_TOO_SHORT""]",data/raw/github_copilot/github_release/20260717T031124Z_6bad9f7c/9a40edd516256d1be630037a.json,https://github.com/microsoft/vscode-copilot-chat/releases/tag/v0.36.0,codex-ai-precheck,2026-07-17T03:45:48.495681Z
ver_c212a09b8a3d196b28945ca7,doc_9d0f0c4bbab35cbf6cf873df,GitHub Copilot,github_release,NEEDS_REVIEW,"[""NO_DIMENSION_LABEL"", ""CONTENT_TOO_SHORT""]",data/raw/github_copilot/github_release/20260717T031124Z_6bad9f7c/f21f9d64cfe98eee27241cb2.json,https://github.com/microsoft/vscode-copilot-chat/releases/tag/v0.38.2026030203,codex-ai-precheck,2026-07-17T03:45:48.495681Z
ver_446d1e244a81162b3415a6ee,doc_9e8044c503294b7dcc28f290,GitHub Copilot,github_release,NEEDS_REVIEW,"[""NO_DIMENSION_LABEL""]",data/raw/github_copilot/github_release/20260717T031124Z_6bad9f7c/bf81c834623ad069f31579e1.json,https://github.com/microsoft/vscode-copilot-chat/releases/tag/v0.33.4,codex-ai-precheck,2026-07-17T03:45:48.495681Z
ver_f9eacaa9c30d94067ef3fb56,doc_9ee7189679ebff93333abfd3,GitHub Copilot,github_release,NEEDS_REVIEW,"[""NO_DIMENSION_LABEL""]",data/raw/github_copilot/github_release/20260717T031124Z_6bad9f7c/ea27dba0b5cdb83476e217cc.json,https://github.com/microsoft/vscode-copilot-chat/releases/tag/v0.31.2025090102,codex-ai-precheck,2026-07-17T03:45:48.495681Z
ver_10a664fab34785bc50290b14,doc_a391b0ee8e7b418da83330e1,GitHub Copilot,github_release,NEEDS_REVIEW,"[""NO_DIMENSION_LABEL""]",data/raw/github_copilot/github_release/20260717T031124Z_6bad9f7c/4073a31a3bfa59dc419fe1fe.json,https://github.com/microsoft/vscode-copilot-chat/releases/tag/v0.31.2025082702,codex-ai-precheck,2026-07-17T03:45:48.495681Z
ver_607e665d9dc19bb5e397e117,doc_a4310ee36f4b79b8585879a7,GitHub Copilot,github_release,NEEDS_REVIEW,"[""NO_DIMENSION_LABEL""]",data/raw/github_copilot/github_release/20260717T031124Z_6bad9f7c/4bf4e733ec34f97ee3a3ae9a.json,https://github.com/microsoft/vscode-copilot-chat/releases/tag/v0.38.2026022403,codex-ai-precheck,2026-07-17T03:45:48.495681Z
ver_d09528e778c645804cb6722d,doc_a44c998fbf418a31bfff2333,GitHub Copilot,github_release,NEEDS_REVIEW,"[""NO_DIMENSION_LABEL"", ""CONTENT_TOO_SHORT""]",data/raw/github_copilot/github_release/20260717T031124Z_6bad9f7c/1ffaa2b93e57c18d2e2be818.json,https://github.com/microsoft/vscode-copilot-chat/releases/tag/v0.35.0,codex-ai-precheck,2026-07-17T03:45:48.495681Z
ver_77057ce51346bd6b47c395ac,doc_a527492751a2a775f1c2d4d0,GitHub Copilot,github_release,NEEDS_REVIEW,"[""NO_DIMENSION_LABEL"", ""CONTENT_TOO_SHORT""]",data/raw/github_copilot/github_release/20260717T031124Z_6bad9f7c/91d6bd6b842b232fc7587806.json,https://github.com/microsoft/vscode-copilot-chat/releases/tag/v0.38.2026030402,codex-ai-precheck,2026-07-17T03:45:48.495681Z
ver_de20e5ba7b376efb609ce849,doc_a67a2e697c97ee9e946630ac,GitHub Copilot,github_release,NEEDS_REVIEW,"[""NO_DIMENSION_LABEL""]",data/raw/github_copilot/github_release/20260717T031124Z_6bad9f7c/3366bb6ed23bff738fd10b07.json,https://github.com/microsoft/vscode-copilot-chat/releases/tag/v0.32.2025092602,codex-ai-precheck,2026-07-17T03:45:48.495681Z
ver_b99c64d3df1a397673c9d2a5,doc_a6e90d9541e6ab328174a982,GitHub Copilot,github_release,NEEDS_REVIEW,"[""NO_DIMENSION_LABEL"", ""CONTENT_TOO_SHORT""]",data/raw/github_copilot/github_release/20260717T031124Z_6bad9f7c/2927dabdd3281aa359851008.json,https://github.com/microsoft/vscode-copilot-chat/releases/tag/v0.37.2026012801,codex-ai-precheck,2026-07-17T03:45:48.495681Z
ver_819224723df260036f95c832,doc_a7d47ccd17292c765777fa07,GitHub Copilot,github_release,NEEDS_REVIEW,"[""NO_DIMENSION_LABEL"", ""CONTENT_TOO_SHORT""]",data/raw/github_copilot/github_release/20260717T031124Z_6bad9f7c/060563343c0ec0d20fa99e11.json,https://github.com/microsoft/vscode-copilot-chat/releases/tag/v0.37.2026012601,codex-ai-precheck,2026-07-17T03:45:48.495681Z
ver_d33c947bc73aa29819a8b7cc,doc_a90d7eb7d034447d2166e704,GitHub Copilot,github_release,NEEDS_REVIEW,"[""NO_DIMENSION_LABEL""]",data/raw/github_copilot/github_release/20260717T031124Z_6bad9f7c/1fa9a25f13a238a88cd550fa.json,https://github.com/microsoft/vscode-copilot-chat/releases/tag/v0.33.2025110501,codex-ai-precheck,2026-07-17T03:45:48.495681Z
ver_604fc0b40a6dda07d246edd9,doc_a93ca12dbfb8cc2a71bf70e0,GitHub Copilot,github_release,NEEDS_REVIEW,"[""NO_DIMENSION_LABEL"", ""CONTENT_TOO_SHORT""]",data/raw/github_copilot/github_release/20260717T031124Z_6bad9f7c/77805c626bf6a3859672e153.json,https://github.com/microsoft/vscode-copilot-chat/releases/tag/v0.34.2025120404,codex-ai-precheck,2026-07-17T03:45:48.495681Z
ver_f0918bff8c89e13635f304c4,doc_a9866d64f0205510fe906b8b,GitHub Copilot,github_release,NEEDS_REVIEW,"[""NO_DIMENSION_LABEL""]",data/raw/github_copilot/github_release/20260717T031124Z_6bad9f7c/adebabba47912537eaf9c017.json,https://github.com/microsoft/vscode-copilot-chat/releases/tag/v0.33.1,codex-ai-precheck,2026-07-17T03:45:48.495681Z
ver_feba4de276d0252e28dc02ba,doc_aae515526add8429f9500907,GitHub Copilot,github_release,NEEDS_REVIEW,"[""NO_DIMENSION_LABEL"", ""CONTENT_TOO_SHORT""]",data/raw/github_copilot/github_release/20260717T031124Z_6bad9f7c/a4bdc3aa2e850afc16d8a98d.json,https://github.com/microsoft/vscode-copilot-chat/releases/tag/v0.35.2025120501,codex-ai-precheck,2026-07-17T03:45:48.495681Z
ver_651e4b35fa4f0938fccd9f25,doc_ab3b98d48db657fbf4d1123c,GitHub Copilot,github_release,NEEDS_REVIEW,"[""NO_DIMENSION_LABEL""]",data/raw/github_copilot/github_release/20260717T031124Z_6bad9f7c/1a1f2ecf26dcad4f1028e42e.json,https://github.com/microsoft/vscode-copilot-chat/releases/tag/v0.32.2025091801,codex-ai-precheck,2026-07-17T03:45:48.495681Z
ver_e7d94cc296309c3f725bcd14,doc_ac2631540ffb920daabc96ae,GitHub Copilot,github_release,NEEDS_REVIEW,"[""NO_DIMENSION_LABEL"", ""CONTENT_TOO_SHORT""]",data/raw/github_copilot/github_release/20260717T031124Z_6bad9f7c/ed87122f23194b003ca09152.json,https://github.com/microsoft/vscode-copilot-chat/releases/tag/v0.33.2025102001,codex-ai-precheck,2026-07-17T03:45:48.495681Z
ver_3cff0311e9ebdf23cbe43a6d,doc_ad8b85e9ca1ef97108265e36,GitHub Copilot,github_release,NEEDS_REVIEW,"[""NO_DIMENSION_LABEL""]",data/raw/github_copilot/github_release/20260717T031124Z_6bad9f7c/09c37fe4bef060f1faf89fb3.json,https://github.com/microsoft/vscode-copilot-chat/releases/tag/v0.32.4,codex-ai-precheck,2026-07-17T03:45:48.495681Z
ver_e42b2841fe950f7a18b98418,doc_ae2ef5f5c9a2275e018a72ae,GitHub Copilot,github_release,NEEDS_REVIEW,"[""NO_DIMENSION_LABEL"", ""CONTENT_TOO_SHORT""]",data/raw/github_copilot/github_release/20260717T031124Z_6bad9f7c/463d52d3427451aecffb697e.json,https://github.com/microsoft/vscode-copilot-chat/releases/tag/v0.36.2025121901,codex-ai-precheck,2026-07-17T03:45:48.495681Z
ver_2b899fbbb39a9a097e652847,doc_aed585e05cb8d845afe5b717,GitHub Copilot,github_release,NEEDS_REVIEW,"[""NO_DIMENSION_LABEL""]",data/raw/github_copilot/github_release/20260717T031124Z_6bad9f7c/9f0bfb4eb8eeb4d0967dc79a.json,https://github.com/microsoft/vscode-copilot-chat/releases/tag/v0.38.2026022504,codex-ai-precheck,2026-07-17T03:45:48.495681Z
ver_7cad93346840f1c85b24cd59,doc_aef41a0090d2097ad907e0c1,GitHub Copilot,github_release,NEEDS_REVIEW,"[""NO_DIMENSION_LABEL""]",data/raw/github_copilot/github_release/20260717T031124Z_6bad9f7c/1bd8a219401e1e8a5ca1888d.json,https://github.com/microsoft/vscode-copilot-chat/releases/tag/v0.37.2026010902,codex-ai-precheck,2026-07-17T03:45:48.495681Z
ver_02f1e1b84b0067641f786d36,doc_af2ccc3979bc70b02d6c4790,GitHub Copilot,github_release,NEEDS_REVIEW,"[""NO_DIMENSION_LABEL""]",data/raw/github_copilot/github_release/20260717T031124Z_6bad9f7c/17accb37b6deb0d80182ec7a.json,https://github.com/microsoft/vscode-copilot-chat/releases/tag/v0.30.2025072103,codex-ai-precheck,2026-07-17T03:45:48.495681Z
ver_0e2fe2cb813a7722c71eb8eb,doc_b1732ee79a900b9309df7e07,GitHub Copilot,github_release,NEEDS_REVIEW,"[""NO_DIMENSION_LABEL""]",data/raw/github_copilot/github_release/20260717T031124Z_6bad9f7c/c5e9f49932640669e3cf7dea.json,https://github.com/microsoft/vscode-copilot-chat/releases/tag/v0.38.2026030302,codex-ai-precheck,2026-07-17T03:45:48.495681Z
ver_955c485b4e600241b0a91aa7,doc_b3b6a0ddda20c387ba377314,GitHub Copilot,github_release,NEEDS_REVIEW,"[""NO_DIMENSION_LABEL"", ""CONTENT_TOO_SHORT""]",data/raw/github_copilot/github_release/20260717T031124Z_6bad9f7c/bcba2216785d9a61318a9f15.json,https://github.com/microsoft/vscode-copilot-chat/releases/tag/v0.31.2025090401,codex-ai-precheck,2026-07-17T03:45:48.495681Z
ver_21fa0067ddd0bbfd3b5f9ce5,doc_b583bab0a6797f4b45585afd,GitHub Copilot,github_release,NEEDS_REVIEW,"[""NO_DIMENSION_LABEL""]",data/raw/github_copilot/github_release/20260717T031124Z_6bad9f7c/8cb835b30a16d538d8f724fd.json,https://github.com/microsoft/vscode-copilot-chat/releases/tag/v0.32.2025092201,codex-ai-precheck,2026-07-17T03:45:48.495681Z
ver_0ffc04817c7fcd04092df387,doc_b8e402e913c01d08f6e3548c,GitHub Copilot,github_release,NEEDS_REVIEW,"[""NO_DIMENSION_LABEL""]",data/raw/github_copilot/github_release/20260717T031124Z_6bad9f7c/8f6a8f57b1a0230ca9251213.json,https://github.com/microsoft/vscode-copilot-chat/releases/tag/v0.38.2026020503,codex-ai-precheck,2026-07-17T03:45:48.495681Z
ver_39a046db3f480c25999197c4,doc_b9a4709b27fee7ef9083b1a0,GitHub Copilot,github_release,NEEDS_REVIEW,"[""NO_DIMENSION_LABEL""]",data/raw/github_copilot/github_release/20260717T031124Z_6bad9f7c/2c523c5c8c1b85300cd1611d.json,https://github.com/microsoft/vscode-copilot-chat/releases/tag/v0.37.2026012702,codex-ai-precheck,2026-07-17T03:45:48.495681Z
ver_bfbf6b7e996a44adcbfa91f6,doc_bb4a76462da0ef22a026b5f0,GitHub Copilot,github_release,NEEDS_REVIEW,"[""NO_DIMENSION_LABEL""]",data/raw/github_copilot/github_release/20260717T031124Z_6bad9f7c/b9872d84bbc9aaf821b49dae.json,https://github.com/microsoft/vscode-copilot-chat/releases/tag/v0.38.2026021103,codex-ai-precheck,2026-07-17T03:45:48.495681Z
ver_00eabbf50e8dd72665edf589,doc_c13dad4f7f16833c49dd4dac,GitHub Copilot,github_release,NEEDS_REVIEW,"[""NO_DIMENSION_LABEL"", ""CONTENT_TOO_SHORT""]",data/raw/github_copilot/github_release/20260717T031124Z_6bad9f7c/97b79357ddbf3b0f2372bcf0.json,https://github.com/microsoft/vscode-copilot-chat/releases/tag/v0.32.2025092302,codex-ai-precheck,2026-07-17T03:45:48.495681Z
ver_711cdf07ea92c475135488ca,doc_c1b5146a9a331f3f2014e6f8,GitHub Copilot,github_release,NEEDS_REVIEW,"[""NO_DIMENSION_LABEL""]",data/raw/github_copilot/github_release/20260717T031124Z_6bad9f7c/c70b98d64bf0d13474b33807.json,https://github.com/microsoft/vscode-copilot-chat/releases/tag/v0.33.2025102704,codex-ai-precheck,2026-07-17T03:45:48.495681Z
ver_4449a2b91780857fd1cad6ba,doc_c581930783b1eb5ad543db66,GitHub Copilot,github_release,NEEDS_REVIEW,"[""NO_DIMENSION_LABEL""]",data/raw/github_copilot/github_release/20260717T031124Z_6bad9f7c/1420584f67bf5002f89eaa2b.json,https://github.com/microsoft/vscode-copilot-chat/releases/tag/v0.42.2,codex-ai-precheck,2026-07-17T03:45:48.495681Z
ver_f49f70dc8bfe21e89de337b4,doc_c5e6b5505bcb76afb0449b37,GitHub Copilot,github_release,NEEDS_REVIEW,"[""NO_DIMENSION_LABEL""]",data/raw/github_copilot/github_release/20260717T031124Z_6bad9f7c/e031068bfc0ecf82e05a1c04.json,https://github.com/microsoft/vscode-copilot-chat/releases/tag/v0.31.2025082802,codex-ai-precheck,2026-07-17T03:45:48.495681Z
ver_219b6fef30aef71ef2d4e0fb,doc_c8a29624cd2ec3accb914271,GitHub Copilot,github_release,NEEDS_REVIEW,"[""NO_DIMENSION_LABEL"", ""CONTENT_TOO_SHORT""]",data/raw/github_copilot/github_release/20260717T031124Z_6bad9f7c/d136dc4dacd63fbd67ad82ff.json,https://github.com/microsoft/vscode-copilot-chat/releases/tag/v0.31.2025082801,codex-ai-precheck,2026-07-17T03:45:48.495681Z
ver_393560ab2d9653638fd0f190,doc_caadb35ed0fb99b92ae44969,GitHub Copilot,github_release,NEEDS_REVIEW,"[""NO_DIMENSION_LABEL"", ""CONTENT_TOO_SHORT""]",data/raw/github_copilot/github_release/20260717T031124Z_6bad9f7c/c58b55bebc56ffb886c15bd4.json,https://github.com/microsoft/vscode-copilot-chat/releases/tag/v0.43.2026040602,codex-ai-precheck,2026-07-17T03:45:48.495681Z
ver_9657e409d2e70e73369c00bc,doc_cad5a0c69ed44aba9bd4de71,GitHub Copilot,github_release,NEEDS_REVIEW,"[""NO_DIMENSION_LABEL"", ""CONTENT_TOO_SHORT""]",data/raw/github_copilot/github_release/20260717T031124Z_6bad9f7c/5a2d2f0b7bce0d98fa5fe78d.json,https://github.com/microsoft/vscode-copilot-chat/releases/tag/v0.43.2026040202,codex-ai-precheck,2026-07-17T03:45:48.495681Z
ver_46734241d785d67c74a5f080,doc_cb6ca01d44d61263458b1043,GitHub Copilot,github_release,NEEDS_REVIEW,"[""NO_DIMENSION_LABEL"", ""CONTENT_TOO_SHORT""]",data/raw/github_copilot/github_release/20260717T031124Z_6bad9f7c/f4cba4ea0e6fa98cf46cf42b.json,https://github.com/microsoft/vscode-copilot-chat/releases/tag/v0.43.2026040203,codex-ai-precheck,2026-07-17T03:45:48.495681Z
ver_61ac4b39c8d85bd617ee0878,doc_cc0ac2fc5814788aa13ce1cb,GitHub Copilot,github_release,NEEDS_REVIEW,"[""NO_DIMENSION_LABEL"", ""CONTENT_TOO_SHORT""]",data/raw/github_copilot/github_release/20260717T031124Z_6bad9f7c/46f745a036d2935dc826e050.json,https://github.com/microsoft/vscode-copilot-chat/releases/tag/v0.32.2025100203,codex-ai-precheck,2026-07-17T03:45:48.495681Z
ver_f0bf96f1c9dffd73f6a6fb6f,doc_ce0d6d86504bae05e65c4186,GitHub Copilot,github_release,NEEDS_REVIEW,"[""NO_DIMENSION_LABEL"", ""CONTENT_TOO_SHORT""]",data/raw/github_copilot/github_release/20260717T031124Z_6bad9f7c/709f5d65bf3e30c42f61bb57.json,https://github.com/microsoft/vscode-copilot-chat/releases/tag/v0.32.2025091701,codex-ai-precheck,2026-07-17T03:45:48.495681Z
ver_82faacaf6541fa45bf240295,doc_cea6bdf87444c399081ce5fe,GitHub Copilot,github_release,NEEDS_REVIEW,"[""NO_DIMENSION_LABEL"", ""CONTENT_TOO_SHORT""]",data/raw/github_copilot/github_release/20260717T031124Z_6bad9f7c/397746fa3883b21aaf84f46c.json,https://github.com/microsoft/vscode-copilot-chat/releases/tag/v0.38.2026022506,codex-ai-precheck,2026-07-17T03:45:48.495681Z
ver_6ca6a53544ac65ece9db5e44,doc_d007d3b600f06ceb448d6a05,GitHub Copilot,github_release,NEEDS_REVIEW,"[""NO_DIMENSION_LABEL"", ""CONTENT_TOO_SHORT""]",data/raw/github_copilot/github_release/20260717T031124Z_6bad9f7c/6b9800e0c8b51040d9d2b932.json,https://github.com/microsoft/vscode-copilot-chat/releases/tag/v0.35.2025120803,codex-ai-precheck,2026-07-17T03:45:48.495681Z
ver_304194ab2dc06cc797ee3dc1,doc_d0deef03fb36f27c925f7a2a,GitHub Copilot,github_release,NEEDS_REVIEW,"[""NO_DIMENSION_LABEL"", ""CONTENT_TOO_SHORT""]",data/raw/github_copilot/github_release/20260717T031124Z_6bad9f7c/328ba862313189c865aa3a32.json,https://github.com/microsoft/vscode-copilot-chat/releases/tag/v0.31.2025090802,codex-ai-precheck,2026-07-17T03:45:48.495681Z
ver_441d768625d1e136cf9693be,doc_d2356c35692b39beca157224,GitHub Copilot,github_release,NEEDS_REVIEW,"[""NO_DIMENSION_LABEL"", ""CONTENT_TOO_SHORT""]",data/raw/github_copilot/github_release/20260717T031124Z_6bad9f7c/7c8842e5d87eabb4aea15504.json,https://github.com/microsoft/vscode-copilot-chat/releases/tag/v0.31.2025081204,codex-ai-precheck,2026-07-17T03:45:48.495681Z
ver_c221267a9d82149660b9f000,doc_d4e4ad24540e5b8bdf81d119,GitHub Copilot,github_release,NEEDS_REVIEW,"[""NO_DIMENSION_LABEL"", ""CONTENT_TOO_SHORT""]",data/raw/github_copilot/github_release/20260717T031124Z_6bad9f7c/6e49b3765f91f85244be4788.json,https://github.com/microsoft/vscode-copilot-chat/releases/tag/v0.33.2025111002,codex-ai-precheck,2026-07-17T03:45:48.495681Z
ver_69a52a7fddc8732794f9de98,doc_d5bad590d2de46de5bc83761,GitHub Copilot,github_release,NEEDS_REVIEW,"[""NO_DIMENSION_LABEL"", ""CONTENT_TOO_SHORT""]",data/raw/github_copilot/github_release/20260717T031124Z_6bad9f7c/a057ca6bfa1ff292ae38d9da.json,https://github.com/microsoft/vscode-copilot-chat/releases/tag/v0.43.2026040101,codex-ai-precheck,2026-07-17T03:45:48.495681Z
ver_df0cb580ff0cd999b9387ee6,doc_d5cfc71ebea75ff54c685418,GitHub Copilot,github_release,NEEDS_REVIEW,"[""NO_DIMENSION_LABEL"", ""CONTENT_TOO_SHORT""]",data/raw/github_copilot/github_release/20260717T031124Z_6bad9f7c/8f5c8b8384679b2a76d0549a.json,https://github.com/microsoft/vscode-copilot-chat/releases/tag/v0.32.2025100101,codex-ai-precheck,2026-07-17T03:45:48.495681Z
ver_7fe1d19fa3852b2970853673,doc_d66e22f9bdf43ce27d5bb8e5,GitHub Copilot,github_release,NEEDS_REVIEW,"[""NO_DIMENSION_LABEL"", ""CONTENT_TOO_SHORT""]",data/raw/github_copilot/github_release/20260717T031124Z_6bad9f7c/bda8afb54518573cbccaffaf.json,https://github.com/microsoft/vscode-copilot-chat/releases/tag/v0.42.2026032601,codex-ai-precheck,2026-07-17T03:45:48.495681Z
ver_f088ffd567beccd89e38a27a,doc_db1dd0e379acb9273765dfe4,GitHub Copilot,github_release,NEEDS_REVIEW,"[""NO_DIMENSION_LABEL"", ""CONTENT_TOO_SHORT""]",data/raw/github_copilot/github_release/20260717T031124Z_6bad9f7c/578b7aece6aaf150391ac6fe.json,https://github.com/microsoft/vscode-copilot-chat/releases/tag/v0.34.2025120101,codex-ai-precheck,2026-07-17T03:45:48.495681Z
ver_dc7f603ab69d153350964226,doc_dbaa9ed60483855daa46816e,GitHub Copilot,github_release,NEEDS_REVIEW,"[""NO_DIMENSION_LABEL"", ""CONTENT_TOO_SHORT""]",data/raw/github_copilot/github_release/20260717T031124Z_6bad9f7c/d158aaa1eb199f7f4c55c966.json,https://github.com/microsoft/vscode-copilot-chat/releases/tag/v0.38.2026030305,codex-ai-precheck,2026-07-17T03:45:48.495681Z
ver_c3c37dc7e8d5a8d3065a1430,doc_dd4199dbae72771c85c91b77,GitHub Copilot,github_release,NEEDS_REVIEW,"[""NO_DIMENSION_LABEL"", ""CONTENT_TOO_SHORT""]",data/raw/github_copilot/github_release/20260717T031124Z_6bad9f7c/342f02545f4370b0718050b6.json,https://github.com/microsoft/vscode-copilot-chat/releases/tag/v0.35.2025120802,codex-ai-precheck,2026-07-17T03:45:48.495681Z
ver_37a155fff99e8897ca93f842,doc_dd9eab67afff6b248ca918bd,GitHub Copilot,github_release,NEEDS_REVIEW,"[""NO_DIMENSION_LABEL""]",data/raw/github_copilot/github_release/20260717T031124Z_6bad9f7c/af52c5612ba6deceda436068.json,https://github.com/microsoft/vscode-copilot-chat/releases/tag/v0.43.2026040705,codex-ai-precheck,2026-07-17T03:45:48.495681Z
ver_ad6a9a5d4b06b5320d234f52,doc_ded2ff70b353a9b360b32074,GitHub Copilot,github_release,NEEDS_REVIEW,"[""NO_DIMENSION_LABEL""]",data/raw/github_copilot/github_release/20260717T031124Z_6bad9f7c/98e6a90ec83c2ad473f6f93c.json,https://github.com/microsoft/vscode-copilot-chat/releases/tag/v0.36.2025121103,codex-ai-precheck,2026-07-17T03:45:48.495681Z
ver_708b513367e1a6c5ea3fbf37,doc_df062f6bccef87ddc05e10cf,GitHub Copilot,github_release,NEEDS_REVIEW,"[""NO_DIMENSION_LABEL""]",data/raw/github_copilot/github_release/20260717T031124Z_6bad9f7c/9cc05739f64438df7906b8b2.json,https://github.com/microsoft/vscode-copilot-chat/releases/tag/v0.39.2026030903,codex-ai-precheck,2026-07-17T03:45:48.495681Z
ver_1e290d2e89ee3b5dae5b631b,doc_e0e964973dbbe00c73aa21ed,GitHub Copilot,github_release,NEEDS_REVIEW,"[""NO_DIMENSION_LABEL""]",data/raw/github_copilot/github_release/20260717T031124Z_6bad9f7c/37dcd727df7256474059cc88.json,https://github.com/microsoft/vscode-copilot-chat/releases/tag/v0.31.2025091002,codex-ai-precheck,2026-07-17T03:45:48.495681Z
ver_eb3184f9e7c680fa6c92cda6,doc_e1165965bbf8cf68b83f3467,GitHub Copilot,github_release,NEEDS_REVIEW,"[""NO_DIMENSION_LABEL"", ""CONTENT_TOO_SHORT""]",data/raw/github_copilot/github_release/20260717T031124Z_6bad9f7c/8bf278fcb45676a79ce9ac59.json,https://github.com/microsoft/vscode-copilot-chat/releases/tag/v0.36.2025121004,codex-ai-precheck,2026-07-17T03:45:48.495681Z
ver_6a11e7e17ea0bba7beb0cb43,doc_e4ff2a8211c5506037923ea6,GitHub Copilot,github_release,NEEDS_REVIEW,"[""NO_DIMENSION_LABEL"", ""CONTENT_TOO_SHORT""]",data/raw/github_copilot/github_release/20260717T031124Z_6bad9f7c/36204dc19407338a723212fc.json,https://github.com/microsoft/vscode-copilot-chat/releases/tag/v0.31.0,codex-ai-precheck,2026-07-17T03:45:48.495681Z
ver_f8f9b9d3c42c0289fcef0f56,doc_e58d5553e3094518f8eaa472,GitHub Copilot,github_release,NEEDS_REVIEW,"[""NO_DIMENSION_LABEL""]",data/raw/github_copilot/github_release/20260717T031124Z_6bad9f7c/730a50a28d837360325af499.json,https://github.com/microsoft/vscode-copilot-chat/releases/tag/v0.39.2026030602,codex-ai-precheck,2026-07-17T03:45:48.495681Z
ver_fcf51fdd1d27282e2b1cb08b,doc_e6078e923f116b31900415f0,GitHub Copilot,github_release,NEEDS_REVIEW,"[""NO_DIMENSION_LABEL"", ""CONTENT_TOO_SHORT""]",data/raw/github_copilot/github_release/20260717T031124Z_6bad9f7c/870253f1bd65cd9a22b00b7b.json,https://github.com/microsoft/vscode-copilot-chat/releases/tag/v0.34.2025111202,codex-ai-precheck,2026-07-17T03:45:48.495681Z
ver_e1a42b5e7b62dfb7f3f612aa,doc_e784666dccd2442c7ba4602c,GitHub Copilot,github_release,NEEDS_REVIEW,"[""NO_DIMENSION_LABEL"", ""CONTENT_TOO_SHORT""]",data/raw/github_copilot/github_release/20260717T031124Z_6bad9f7c/2dfa81580ac0a611b03101bc.json,https://github.com/microsoft/vscode-copilot-chat/releases/tag/v0.32.2025091202,codex-ai-precheck,2026-07-17T03:45:48.495681Z
ver_fb39cf162b7aae3f86b019cf,doc_e7e90c30b05277fc72a69df1,GitHub Copilot,github_release,NEEDS_REVIEW,"[""NO_DIMENSION_LABEL""]",data/raw/github_copilot/github_release/20260717T031124Z_6bad9f7c/b80c299e4006323492099909.json,https://github.com/microsoft/vscode-copilot-chat/releases/tag/v0.40.2026031202,codex-ai-precheck,2026-07-17T03:45:48.495681Z
ver_e0e7c7b7f3b9645216e6c355,doc_e87942bfbd50c204af8b154b,GitHub Copilot,github_release,NEEDS_REVIEW,"[""NO_DIMENSION_LABEL""]",data/raw/github_copilot/github_release/20260717T031124Z_6bad9f7c/c81f23afd5cfb0b997804b0a.json,https://github.com/microsoft/vscode-copilot-chat/releases/tag/v0.33.2025102205,codex-ai-precheck,2026-07-17T03:45:48.495681Z
ver_dd66792bd0c6f0543ec955ed,doc_e9115fa3431f32cb423345d4,GitHub Copilot,github_release,NEEDS_REVIEW,"[""NO_DIMENSION_LABEL"", ""CONTENT_TOO_SHORT""]",data/raw/github_copilot/github_release/20260717T031124Z_6bad9f7c/9be318767c16e9d9a409089d.json,https://github.com/microsoft/vscode-copilot-chat/releases/tag/v0.30.2025080503,codex-ai-precheck,2026-07-17T03:45:48.495681Z
ver_94735156de2718be55490015,doc_ed249c30f0a17e66265489f4,GitHub Copilot,github_release,NEEDS_REVIEW,"[""NO_DIMENSION_LABEL"", ""CONTENT_TOO_SHORT""]",data/raw/github_copilot/github_release/20260717T031124Z_6bad9f7c/ca45291234e12be30cb1e896.json,https://github.com/microsoft/vscode-copilot-chat/releases/tag/v0.31.2025080704,codex-ai-precheck,2026-07-17T03:45:48.495681Z
ver_2c2dc6535fc75ba896dd33b1,doc_ed506bb47f2e727409fd4f5c,GitHub Copilot,github_release,NEEDS_REVIEW,"[""NO_DIMENSION_LABEL"", ""CONTENT_TOO_SHORT""]",data/raw/github_copilot/github_release/20260717T031124Z_6bad9f7c/7d5c828f4d2155106c3b484e.json,https://github.com/microsoft/vscode-copilot-chat/releases/tag/v0.33.2025111003,codex-ai-precheck,2026-07-17T03:45:48.495681Z
ver_45992a9eff2a5fb63ec0a571,doc_ee9ba64546e741436061dcbe,GitHub Copilot,github_release,NEEDS_REVIEW,"[""NO_DIMENSION_LABEL"", ""CONTENT_TOO_SHORT""]",data/raw/github_copilot/github_release/20260713T162601Z_fda2c425/b67ec806b438783e45e4aebf.json,https://github.com/microsoft/vscode-copilot-chat/releases/tag/v0.30.2025071501,codex-ai-precheck,2026-07-17T03:45:48.495681Z
ver_fd315c1fb0ddc5545d39d742,doc_eef48bfd026317ae8a6ec965,GitHub Copilot,github_release,NEEDS_REVIEW,"[""NO_DIMENSION_LABEL""]",data/raw/github_copilot/github_release/20260717T031124Z_6bad9f7c/81b98bbe289b8f5c9f0f8739.json,https://github.com/microsoft/vscode-copilot-chat/releases/tag/v0.42.1,codex-ai-precheck,2026-07-17T03:45:48.495681Z
ver_821fccaa24f7ace80de08f47,doc_f259ea9475f9791b9d08ca2f,GitHub Copilot,github_release,NEEDS_REVIEW,"[""NO_DIMENSION_LABEL"", ""CONTENT_TOO_SHORT""]",data/raw/github_copilot/github_release/20260717T031124Z_6bad9f7c/fca04556efa8561c1f37e3b5.json,https://github.com/microsoft/vscode-copilot-chat/releases/tag/v0.42.2026032703,codex-ai-precheck,2026-07-17T03:45:48.495681Z
ver_bf8190e2d6689c95cfbf25ac,doc_f445b46c9a97c5f80acedb69,GitHub Copilot,github_release,NEEDS_REVIEW,"[""NO_DIMENSION_LABEL""]",data/raw/github_copilot/github_release/20260717T031124Z_6bad9f7c/7333092189ec33a4def756f4.json,https://github.com/microsoft/vscode-copilot-chat/releases/tag/v0.39.1,codex-ai-precheck,2026-07-17T03:45:48.495681Z
ver_b7e3f5857a0b57b1e6027c3f,doc_f6aef0297cf292243e4867c0,GitHub Copilot,github_release,NEEDS_REVIEW,"[""NO_DIMENSION_LABEL"", ""CONTENT_TOO_SHORT""]",data/raw/github_copilot/github_release/20260717T031124Z_6bad9f7c/8bfea8d356534b56434f4952.json,https://github.com/microsoft/vscode-copilot-chat/releases/tag/v0.30.2025080201,codex-ai-precheck,2026-07-17T03:45:48.495681Z
ver_a9569e0c4189c682dd656fb4,doc_fb064bcf93c8aab7b5f7d314,GitHub Copilot,github_release,NEEDS_REVIEW,"[""NO_DIMENSION_LABEL"", ""CONTENT_TOO_SHORT""]",data/raw/github_copilot/github_release/20260717T031124Z_6bad9f7c/0696760820810aba859677bd.json,https://github.com/microsoft/vscode-copilot-chat/releases/tag/v0.42.0,codex-ai-precheck,2026-07-17T03:45:48.495681Z
ver_c3f34da210884f91ce2ec3e9,doc_fd9638c565419ab9fb84409c,GitHub Copilot,github_release,NEEDS_REVIEW,"[""NO_DIMENSION_LABEL"", ""CONTENT_TOO_SHORT""]",data/raw/github_copilot/github_release/20260717T031124Z_6bad9f7c/4b8a994869c7dfb10645b394.json,https://github.com/microsoft/vscode-copilot-chat/releases/tag/v0.36.2025121501,codex-ai-precheck,2026-07-17T03:45:48.495681Z
ver_2489b132452b8768b4cd782b,doc_fe19d8e42755f986fa34f113,GitHub Copilot,github_release,NEEDS_REVIEW,"[""NO_DIMENSION_LABEL"", ""CONTENT_TOO_SHORT""]",data/raw/github_copilot/github_release/20260717T031124Z_6bad9f7c/ad6ee5eba20a23a1b6c2062f.json,https://github.com/microsoft/vscode-copilot-chat/releases/tag/v0.30.2025080703,codex-ai-precheck,2026-07-17T03:45:48.495681Z
ver_47692d9f3515e1b2a79d5da2,doc_fe27c1c38b8182ee6b6741e9,GitHub Copilot,github_release,NEEDS_REVIEW,"[""NO_DIMENSION_LABEL""]",data/raw/github_copilot/github_release/20260717T031124Z_6bad9f7c/f0b04f80382f80c40ff69bd2.json,https://github.com/microsoft/vscode-copilot-chat/releases/tag/v0.42.2026033103,codex-ai-precheck,2026-07-17T03:45:48.495681Z
ver_3e1a76364a53bbad9f680d5a,doc_ffac76852d038ff502d4af75,GitHub Copilot,github_release,NEEDS_REVIEW,"[""NO_DIMENSION_LABEL"", ""CONTENT_TOO_SHORT""]",data/raw/github_copilot/github_release/20260717T031124Z_6bad9f7c/53c9e6f46a5c8504c8b90d1a.json,https://github.com/microsoft/vscode-copilot-chat/releases/tag/v0.35.2025120504,codex-ai-precheck,2026-07-17T03:45:48.495681Z
ver_cfb029c0138f98cc01321956,doc_affd7b6a2deaf980c40afa80,GitHub Copilot,official_changelog,NEEDS_REVIEW,"[""NO_DIMENSION_LABEL""]",data/raw/github_copilot/changelog/20260717T031124Z_6bad9f7c/7363f50cf4cdab00d0e2c3be.html,https://github.blog/changelog/2025-12-18-assigning-github-copilot-to-an-issue-now-adds-you-as-an-assignee,codex-ai-precheck,2026-07-17T03:45:48.495681Z
ver_2a3692a454e9215284d0d846,doc_1baa5840c6e49fc1628e6718,GitHub Copilot,official_page,NEEDS_REVIEW,"[""SENSITIVE_EMAIL""]",data/raw/github_copilot/official/20260717T031124Z_6bad9f7c/3fb7517a448f5f981221621b.html,https://github.com/features/copilot,codex-ai-precheck,2026-07-17T03:45:48.495681Z
ver_13242e3b0f2cd9cc6c90701b,doc_bbd908337adaf9b334e47cb8,GitHub Copilot,pricing,NEEDS_REVIEW,"[""NOISE_REPEATED_LINE"", ""SENSITIVE_EMAIL""]",data/raw/github_copilot/pricing/20260717T031124Z_6bad9f7c/6d58ef66a282096f0b3591c3.html,https://github.com/features/copilot/plans,codex-ai-precheck,2026-07-17T03:45:48.495681Z
ver_b1c003fd4ffce496e674edf7,doc_08072907cbcedca419574292,Trae,github_issue,NEEDS_REVIEW,"[""SENSITIVE_EMAIL"", ""SENSITIVE_LONG_NUMBER""]",data/raw/trae/github_issue/20260717T031124Z_6bad9f7c/eb00d8feee2a9c7610ad118b.json,https://github.com/Trae-AI/TRAE/issues/2556,codex-ai-precheck,2026-07-17T03:45:48.495681Z
ver_8707dc5aa55bfc40600bcfca,doc_0c71c303c48520b51191f60f,Trae,github_issue,NEEDS_REVIEW,"[""NO_DIMENSION_LABEL""]",data/raw/trae/github_issue/20260717T031124Z_6bad9f7c/84a74f31a8fad8aed5178dcc.json,https://github.com/Trae-AI/TRAE/issues/2553,codex-ai-precheck,2026-07-17T03:45:48.495681Z
ver_e0978d2ab642eb83e4051fd4,doc_0f290043335e51b67a808153,Trae,github_issue,NEEDS_REVIEW,"[""NO_DIMENSION_LABEL""]",data/raw/trae/github_issue/20260717T031124Z_6bad9f7c/0b4e0077f781bbc2ad63b886.json,https://github.com/Trae-AI/TRAE/issues/1390,codex-ai-precheck,2026-07-17T03:45:48.495681Z
ver_bc769a539c74de96d797bed0,doc_0fa6b5f5c45b9c6e11ade40b,Trae,github_issue,NEEDS_REVIEW,"[""SENSITIVE_EMAIL"", ""SENSITIVE_LONG_NUMBER""]",data/raw/trae/github_issue/20260717T031124Z_6bad9f7c/5fc385003da4504a2af45ed9.json,https://github.com/Trae-AI/TRAE/issues/2537,codex-ai-precheck,2026-07-17T03:45:48.495681Z
ver_a2ca8d89dd5cdee60764e689,doc_147aebcd3f690ea88bc73f7b,Trae,github_issue,NEEDS_REVIEW,"[""SENSITIVE_LONG_NUMBER""]",data/raw/trae/github_issue/20260717T031124Z_6bad9f7c/efee6bd0afe9cb74a38983df.json,https://github.com/Trae-AI/TRAE/issues/2432,codex-ai-precheck,2026-07-17T03:45:48.495681Z
ver_3e3c439494f82f27783f6778,doc_15009c524c240758e7407040,Trae,github_issue,NEEDS_REVIEW,"[""SENSITIVE_LOCAL_USER_PATH""]",data/raw/trae/github_issue/20260717T031124Z_6bad9f7c/7c0eface7cf6b176a945b30f.json,https://github.com/Trae-AI/TRAE/issues/434,codex-ai-precheck,2026-07-17T03:45:48.495681Z
ver_3f54d71bbb7bdee957c9d1f3,doc_1f5a354bdf548668a221b5bf,Trae,github_issue,NEEDS_REVIEW,"[""NOISE_REPEATED_LINE"", ""SENSITIVE_EMAIL""]",data/raw/trae/github_issue/20260717T031124Z_6bad9f7c/4524ccf9c6737407e885c535.json,https://github.com/Trae-AI/TRAE/issues/1381,codex-ai-precheck,2026-07-17T03:45:48.495681Z
ver_210a12219e74920792bdddf5,doc_2c3454a1c3cb3efc3942d59d,Trae,github_issue,NEEDS_REVIEW,"[""NO_DIMENSION_LABEL""]",data/raw/trae/github_issue/20260717T031124Z_6bad9f7c/30b7c1952b9e8cebaec057d0.json,https://github.com/Trae-AI/TRAE/issues/1841,codex-ai-precheck,2026-07-17T03:45:48.495681Z
ver_2c8c29872d9d6b3f878c7fcb,doc_2e4d3a026c41e1cd0ba12bd5,Trae,github_issue,NEEDS_REVIEW,"[""SENSITIVE_EMAIL""]",data/raw/trae/github_issue/20260717T031124Z_6bad9f7c/f6b1a3b65bc7c0c7849f6f40.json,https://github.com/Trae-AI/TRAE/issues/2540,codex-ai-precheck,2026-07-17T03:45:48.495681Z
ver_d30a8600748578ffa452e2c4,doc_31c97f7bc84568ee89815e8b,Trae,github_issue,NEEDS_REVIEW,"[""SENSITIVE_LONG_NUMBER""]",data/raw/trae/github_issue/20260717T031124Z_6bad9f7c/10fddf0c6a0cdaa4b3063a2f.json,https://github.com/Trae-AI/TRAE/issues/2315,codex-ai-precheck,2026-07-17T03:45:48.495681Z
ver_d4ea2179efe89e928a5bbe3e,doc_36e371da85097dcd820a9cb2,Trae,github_issue,NEEDS_REVIEW,"[""NO_DIMENSION_LABEL"", ""CONTENT_TOO_SHORT""]",data/raw/trae/github_issue/20260717T031124Z_6bad9f7c/839647b17d9f215fa8d1b408.json,https://github.com/Trae-AI/TRAE/issues/2538,codex-ai-precheck,2026-07-17T03:45:48.495681Z
ver_af4d55cd1a143d8fcc45d07f,doc_3b9eaa81d26ce7b5680a034a,Trae,github_issue,NEEDS_REVIEW,"[""NO_DIMENSION_LABEL""]",data/raw/trae/github_issue/20260717T031124Z_6bad9f7c/fdf22f0772499a972eb46274.json,https://github.com/Trae-AI/TRAE/issues/461,codex-ai-precheck,2026-07-17T03:45:48.495681Z
ver_6bade08db56afee277b5aad8,doc_3c9d7d06cdeaaefd7fcd48e1,Trae,github_issue,NEEDS_REVIEW,"[""SENSITIVE_LONG_NUMBER""]",data/raw/trae/github_issue/20260717T031124Z_6bad9f7c/2bbf16445b5cd8fc2d9f1a87.json,https://github.com/Trae-AI/TRAE/issues/2466,codex-ai-precheck,2026-07-17T03:45:48.495681Z
ver_b6d166356bb7d699be212a87,doc_47003b52474fbd38d20d66e5,Trae,github_issue,NEEDS_REVIEW,"[""NO_DIMENSION_LABEL""]",data/raw/trae/github_issue/20260717T031124Z_6bad9f7c/b1ce4c014a2e9a56e3d86b46.json,https://github.com/Trae-AI/TRAE/issues/386,codex-ai-precheck,2026-07-17T03:45:48.495681Z
ver_acb2f7f577e539485821af58,doc_4df23f8db80652e129d8ee95,Trae,github_issue,NEEDS_REVIEW,"[""NOISE_REPEATED_LINE""]",data/raw/trae/github_issue/20260717T031124Z_6bad9f7c/e6f61ab432a94b678e1a9bfd.json,https://github.com/Trae-AI/TRAE/issues/845,codex-ai-precheck,2026-07-17T03:45:48.495681Z
ver_fc71f722418c0e00f47f075d,doc_4ebf7fd12a9f34e6a550bfa0,Trae,github_issue,NEEDS_REVIEW,"[""NO_DIMENSION_LABEL""]",data/raw/trae/github_issue/20260713T162601Z_fda2c425/b89b3531ee30bd07fae782aa.json,https://github.com/Trae-AI/TRAE/issues/898,codex-ai-precheck,2026-07-17T03:45:48.495681Z
ver_1359b33f94f09f31b7cbd615,doc_5148a0f5e260d14bee7b01c4,Trae,github_issue,NEEDS_REVIEW,"[""NOISE_REPEATED_LINE"", ""SENSITIVE_LONG_NUMBER""]",data/raw/trae/github_issue/20260717T031124Z_6bad9f7c/403c2c6cbaaaff43764242ab.json,https://github.com/Trae-AI/TRAE/issues/2181,codex-ai-precheck,2026-07-17T03:45:48.495681Z
ver_5b2e2b88c91a72e3e035cfbf,doc_5ada381e6a2fb31aa64594c7,Trae,github_issue,NEEDS_REVIEW,"[""SENSITIVE_LONG_NUMBER""]",data/raw/trae/github_issue/20260717T031124Z_6bad9f7c/85c4eda3b2abe833043092fa.json,https://github.com/Trae-AI/TRAE/issues/392,codex-ai-precheck,2026-07-17T03:45:48.495681Z
ver_c6920ef7eae1e6ead5d7ea7d,doc_6d805d1a165c1eb96d0b9dbd,Trae,github_issue,NEEDS_REVIEW,"[""NO_DIMENSION_LABEL""]",data/raw/trae/github_issue/20260717T031124Z_6bad9f7c/6c55b331967762504c4c783d.json,https://github.com/Trae-AI/TRAE/issues/362,codex-ai-precheck,2026-07-17T03:45:48.495681Z
ver_17b5401bb5face3a68f3dce8,doc_83d0ebc6957be8426236fac1,Trae,github_issue,NEEDS_REVIEW,"[""NOISE_REPEATED_LINE""]",data/raw/trae/github_issue/20260717T031124Z_6bad9f7c/da745792fd3421e5c02c7961.json,https://github.com/Trae-AI/TRAE/issues/2300,codex-ai-precheck,2026-07-17T03:45:48.495681Z
ver_e64a560164846523b34fb345,doc_84fc01277c7635c75405030f,Trae,github_issue,NEEDS_REVIEW,"[""NO_DIMENSION_LABEL"", ""SENSITIVE_LONG_NUMBER""]",data/raw/trae/github_issue/20260717T031124Z_6bad9f7c/4d877bfa0a8232c1867d86dc.json,https://github.com/Trae-AI/TRAE/issues/93,codex-ai-precheck,2026-07-17T03:45:48.495681Z
ver_d259f7cf46edaae66674b0dd,doc_85bb5746cfd52a3d92ddfc5c,Trae,github_issue,NEEDS_REVIEW,"[""SENSITIVE_EMAIL""]",data/raw/trae/github_issue/20260717T031124Z_6bad9f7c/6ccf1afb0f15836677df2b94.json,https://github.com/Trae-AI/TRAE/issues/2031,codex-ai-precheck,2026-07-17T03:45:48.495681Z
ver_e9116a05f3b0c61368399943,doc_88c8c59296837d267cc2a756,Trae,github_issue,NEEDS_REVIEW,"[""NO_DIMENSION_LABEL"", ""CONTENT_TOO_SHORT""]",data/raw/trae/github_issue/20260717T031124Z_6bad9f7c/ef70993043fae56b799539f5.json,https://github.com/Trae-AI/TRAE/issues/2545,codex-ai-precheck,2026-07-17T03:45:48.495681Z
ver_1fc1fd382afc9f9b71bd6d18,doc_8e8f788adda4db05af9a9d70,Trae,github_issue,NEEDS_REVIEW,"[""SENSITIVE_LONG_NUMBER""]",data/raw/trae/github_issue/20260717T031124Z_6bad9f7c/55d95d27e6a19dc56ac5c9f6.json,https://github.com/Trae-AI/TRAE/issues/1915,codex-ai-precheck,2026-07-17T03:45:48.495681Z
ver_4213f9b8519c834273e5debf,doc_90eca138f9093c28fb3995bf,Trae,github_issue,NEEDS_REVIEW,"[""NO_DIMENSION_LABEL""]",data/raw/trae/github_issue/20260717T031124Z_6bad9f7c/11a637959a9a11235500a13a.json,https://github.com/Trae-AI/TRAE/issues/425,codex-ai-precheck,2026-07-17T03:45:48.495681Z
ver_eb4c56f5f9d9f6fd5116ee8c,doc_9cc736059b0dd8986865b056,Trae,github_issue,NEEDS_REVIEW,"[""CONTENT_TOO_SHORT""]",data/raw/trae/github_issue/20260717T031124Z_6bad9f7c/6f6ce7325296a04aa0718ff8.json,https://github.com/Trae-AI/TRAE/issues/2541,codex-ai-precheck,2026-07-17T03:45:48.495681Z
ver_b8a7c6def53caf534c639479,doc_9f0c5c2cbfeacd366f212d78,Trae,github_issue,NEEDS_REVIEW,"[""SENSITIVE_LONG_NUMBER""]",data/raw/trae/github_issue/20260717T031124Z_6bad9f7c/1ea720a7fdbd9380aa082857.json,https://github.com/Trae-AI/TRAE/issues/2507,codex-ai-precheck,2026-07-17T03:45:48.495681Z
ver_f75ea4ed90979a7b0d29811f,doc_a3710a40b6a5b42159780ed9,Trae,github_issue,NEEDS_REVIEW,"[""NO_DIMENSION_LABEL"", ""SENSITIVE_EMAIL""]",data/raw/trae/github_issue/20260717T031124Z_6bad9f7c/ee00a2ff3d12fb05c4be2dc2.json,https://github.com/Trae-AI/TRAE/issues/2546,codex-ai-precheck,2026-07-17T03:45:48.495681Z
ver_c6ff1435b627b540ada99f1e,doc_aaf75c8b7bec3235de587e88,Trae,github_issue,NEEDS_REVIEW,"[""NOISE_REPEATED_LINE""]",data/raw/trae/github_issue/20260717T031124Z_6bad9f7c/c724a96d4240993286e5fe6d.json,https://github.com/Trae-AI/TRAE/issues/2246,codex-ai-precheck,2026-07-17T03:45:48.495681Z
ver_badf18be1e8ad28f1ca1a337,doc_ada17197a0aa0102e3bdb0ac,Trae,github_issue,NEEDS_REVIEW,"[""NO_DIMENSION_LABEL"", ""SENSITIVE_LONG_NUMBER""]",data/raw/trae/github_issue/20260717T031124Z_6bad9f7c/6aa98dc7121130226c889aaa.json,https://github.com/Trae-AI/TRAE/issues/2455,codex-ai-precheck,2026-07-17T03:45:48.495681Z
ver_250dd7eed321fc65f9ff8d7c,doc_ae0705f671b18e9fac9d9a0e,Trae,github_issue,NEEDS_REVIEW,"[""SENSITIVE_EMAIL"", ""SENSITIVE_LONG_NUMBER""]",data/raw/trae/github_issue/20260717T031124Z_6bad9f7c/6a0ccd545a0cb1888afb34a3.json,https://github.com/Trae-AI/TRAE/issues/2560,codex-ai-precheck,2026-07-17T03:45:48.495681Z
ver_9c425f3fb30478ff10ad3ff7,doc_b93c0351b222dfae71a6dacf,Trae,github_issue,NEEDS_REVIEW,"[""NO_DIMENSION_LABEL"", ""SENSITIVE_EMAIL""]",data/raw/trae/github_issue/20260717T031124Z_6bad9f7c/7aceaf74df5d7854b4cd4128.json,https://github.com/Trae-AI/TRAE/issues/2549,codex-ai-precheck,2026-07-17T03:45:48.495681Z
ver_6df55a798f5cd661a95068fa,doc_bbf3683fd944965fff3427c3,Trae,github_issue,NEEDS_REVIEW,"[""NO_DIMENSION_LABEL""]",data/raw/trae/github_issue/20260717T031124Z_6bad9f7c/4c310a5403aaf2f17dda91e6.json,https://github.com/Trae-AI/TRAE/issues/2558,codex-ai-precheck,2026-07-17T03:45:48.495681Z
ver_d7e45f9616b9a3bce67ab2e3,doc_c2578f6f531ef7ad2f81eed8,Trae,github_issue,NEEDS_REVIEW,"[""SENSITIVE_LONG_NUMBER""]",data/raw/trae/github_issue/20260717T031124Z_6bad9f7c/46fc234dcc06a763eca3043c.json,https://github.com/Trae-AI/TRAE/issues/2437,codex-ai-precheck,2026-07-17T03:45:48.495681Z
ver_cca309758d5b5086189fbae7,doc_c2ee59c8a6f0bfb866e95139,Trae,github_issue,NEEDS_REVIEW,"[""SENSITIVE_EMAIL""]",data/raw/trae/github_issue/20260717T031124Z_6bad9f7c/6b471e82d2736935e8870fd0.json,https://github.com/Trae-AI/TRAE/issues/2038,codex-ai-precheck,2026-07-17T03:45:48.495681Z
ver_d490852f5bb884d90d5791ae,doc_c2f91b989ba1c436dd1c6eb3,Trae,github_issue,NEEDS_REVIEW,"[""NO_DIMENSION_LABEL"", ""CONTENT_TOO_SHORT""]",data/raw/trae/github_issue/20260717T031124Z_6bad9f7c/9ed5e5414cd456cf6f132c71.json,https://github.com/Trae-AI/TRAE/issues/2559,codex-ai-precheck,2026-07-17T03:45:48.495681Z
ver_707643655b55f4e63412bff2,doc_c6b6da0bd82771e312d79041,Trae,github_issue,NEEDS_REVIEW,"[""SENSITIVE_LONG_NUMBER""]",data/raw/trae/github_issue/20260717T031124Z_6bad9f7c/4bfad719974253f6af140082.json,https://github.com/Trae-AI/TRAE/issues/2505,codex-ai-precheck,2026-07-17T03:45:48.495681Z
ver_c5d54041a9459d705b5bf1cb,doc_cdf9f057bc70706b48a96a8a,Trae,github_issue,NEEDS_REVIEW,"[""NO_DIMENSION_LABEL""]",data/raw/trae/github_issue/20260717T031124Z_6bad9f7c/2bb3657d69c8edbf33af2d5d.json,https://github.com/Trae-AI/TRAE/issues/1061,codex-ai-precheck,2026-07-17T03:45:48.495681Z
ver_8b4c0ed5c6f5d6c3414089d3,doc_d1a9ed5bac1727df7e478c49,Trae,github_issue,NEEDS_REVIEW,"[""CONTENT_TOO_SHORT""]",data/raw/trae/github_issue/20260717T031124Z_6bad9f7c/b97e31a57a4c3e0378315f91.json,https://github.com/Trae-AI/TRAE/issues/2562,codex-ai-precheck,2026-07-17T03:45:48.495681Z
ver_7d2086ed694694636a8f0fa8,doc_d48bee2814f35f4aaa7d9138,Trae,github_issue,NEEDS_REVIEW,"[""NOISE_REPEATED_LINE"", ""SENSITIVE_LONG_NUMBER""]",data/raw/trae/github_issue/20260717T031124Z_6bad9f7c/5360a40c7dc1b7276d01f7a6.json,https://github.com/Trae-AI/TRAE/issues/1200,codex-ai-precheck,2026-07-17T03:45:48.495681Z
ver_54d5f79e2aca43340c624e9b,doc_d71bf16c5ea68dbe9011e5cd,Trae,github_issue,NEEDS_REVIEW,"[""SENSITIVE_EMAIL"", ""SENSITIVE_LONG_NUMBER""]",data/raw/trae/github_issue/20260717T031124Z_6bad9f7c/be7e076d28c6176bced24240.json,https://github.com/Trae-AI/TRAE/issues/1525,codex-ai-precheck,2026-07-17T03:45:48.495681Z
ver_236734dd616435f49e2b7503,doc_d7853308d7121d4181fe578a,Trae,github_issue,NEEDS_REVIEW,"[""NO_DIMENSION_LABEL"", ""SENSITIVE_EMAIL"", ""SENSITIVE_LONG_NUMBER""]",data/raw/trae/github_issue/20260717T031124Z_6bad9f7c/a942e17e13c2273b867d1003.json,https://github.com/Trae-AI/TRAE/issues/1226,codex-ai-precheck,2026-07-17T03:45:48.495681Z
ver_0e6e36ce7379c2ca87026e5b,doc_de1f26a4fb0d790ad4c35ee9,Trae,github_issue,NEEDS_REVIEW,"[""NOISE_REPEATED_LINE""]",data/raw/trae/github_issue/20260717T031124Z_6bad9f7c/c6a605f67dad7aa327302761.json,https://github.com/Trae-AI/TRAE/issues/1830,codex-ai-precheck,2026-07-17T03:45:48.495681Z
ver_09ce7236462cd444b8e45ee2,doc_e9877ee0243baa12dbaa4f53,Trae,github_issue,NEEDS_REVIEW,"[""NOISE_REPEATED_LINE""]",data/raw/trae/github_issue/20260717T031124Z_6bad9f7c/3966d8f4f0c5e8a030222e53.json,https://github.com/Trae-AI/TRAE/issues/1126,codex-ai-precheck,2026-07-17T03:45:48.495681Z
ver_02c1c106fbbd6d656d13e066,doc_ecd36e9971bd2c8ebc726565,Trae,github_issue,NEEDS_REVIEW,"[""SENSITIVE_EMAIL""]",data/raw/trae/github_issue/20260717T031124Z_6bad9f7c/b0c755275e23c85e74fbeb94.json,https://github.com/Trae-AI/TRAE/issues/2121,codex-ai-precheck,2026-07-17T03:45:48.495681Z
ver_e0c26bb125219e6dcafeb306,doc_fb77f8d389a9f67342d64ab8,Trae,github_issue,NEEDS_REVIEW,"[""SENSITIVE_LONG_NUMBER""]",data/raw/trae/github_issue/20260717T031124Z_6bad9f7c/5fa91fdddab40cb022352bcf.json,https://github.com/Trae-AI/TRAE/issues/2060,codex-ai-precheck,2026-07-17T03:45:48.495681Z
ver_4090a240b27b005191ec5d51,doc_fcda7633a376f65f9159c8c5,Trae,github_issue,NEEDS_REVIEW,"[""NOISE_REPEATED_LINE""]",data/raw/trae/github_issue/20260717T031124Z_6bad9f7c/fc57e1032221ec52986da7bd.json,https://github.com/Trae-AI/TRAE/issues/2052,codex-ai-precheck,2026-07-17T03:45:48.495681Z
ver_be600e8de5974163d6b93d5d,doc_842463a7603d24fd1c84ffb6,Trae,official_page,NEEDS_REVIEW,"[""NEEDS_BROWSER"", ""CONTENT_TOO_SHORT""]",data/raw/trae/official/20260717T031124Z_6bad9f7c/0ca922e1070bad67f1762b84.html,https://www.trae.ai/,codex-ai-precheck,2026-07-17T03:45:48.495681Z
ver_e8e1c632f7c7de8a70fcee90,doc_5445f3d105e50d526a266b97,Trae,pricing,NEEDS_REVIEW,"[""NOISE_REPEATED_LINE"", ""SENSITIVE_EMAIL""]",data/raw/trae/pricing/20260717T031124Z_6bad9f7c/da6d7b03ea66f86c09da25ce.html,https://www.trae.ai/pricing,codex-ai-precheck,2026-07-17T03:45:48.495681Z
ver_177bd4e85acbddb0412eae60,doc_145849cd111364df2225aa12,通义灵码,official_changelog,NEEDS_REVIEW,"[""CONTENT_TOO_SHORT""]",data/raw/tongyi_lingma/changelog/20260717T031124Z_6bad9f7c/ba31e544f6e84900ef86c011.html,https://help.aliyun.com/zh/lingma/qoder-cn-update-log,codex-ai-precheck,2026-07-17T03:45:48.495681Z
ver_982787e67110456b58b9c7b4,doc_16af327ed83d87f6443afbd1,通义灵码,official_changelog,NEEDS_REVIEW,"[""CONTENT_TOO_SHORT""]",data/raw/tongyi_lingma/changelog/20260717T031124Z_6bad9f7c/ba31e544f6e84900ef86c011.html,https://help.aliyun.com/zh/lingma/qoder-cn-update-log,codex-ai-precheck,2026-07-17T03:45:48.495681Z
ver_dec873eda83c04de9f798e7a,doc_25dc2937eec1e94e3d00822c,通义灵码,official_changelog,NEEDS_REVIEW,"[""NO_DIMENSION_LABEL"", ""CONTENT_TOO_SHORT""]",data/raw/tongyi_lingma/changelog/20260717T031124Z_6bad9f7c/990fcd63c9ba8b0a2117f2fe.html,https://help.aliyun.com/zh/lingma/qoderwork-cn-update-log,codex-ai-precheck,2026-07-17T03:45:48.495681Z
ver_97dd87fcb7b0f8e5a1824de2,doc_26fe9f728524b85c262fd21d,通义灵码,official_changelog,NEEDS_REVIEW,"[""NO_DIMENSION_LABEL"", ""CONTENT_TOO_SHORT""]",data/raw/tongyi_lingma/changelog/20260717T031124Z_6bad9f7c/990fcd63c9ba8b0a2117f2fe.html,https://help.aliyun.com/zh/lingma/qoderwork-cn-update-log,codex-ai-precheck,2026-07-17T03:45:48.495681Z
ver_f79ed9902a196ab65749ae1e,doc_2a122a9ab371c486614995af,通义灵码,official_changelog,NEEDS_REVIEW,"[""CONTENT_TOO_SHORT""]",data/raw/tongyi_lingma/changelog/20260717T031124Z_6bad9f7c/6972cfe000aa96869c72b34c.html,https://help.aliyun.com/zh/lingma/qoder-cn-cli,codex-ai-precheck,2026-07-17T03:45:48.495681Z
ver_805129f1b0c63116e4921141,doc_2eb599e5b440a011f9be393e,通义灵码,official_changelog,NEEDS_REVIEW,"[""NO_DIMENSION_LABEL"", ""CONTENT_TOO_SHORT""]",data/raw/tongyi_lingma/changelog/20260717T031124Z_6bad9f7c/6972cfe000aa96869c72b34c.html,https://help.aliyun.com/zh/lingma/qoder-cn-cli,codex-ai-precheck,2026-07-17T03:45:48.495681Z
ver_2d32b7770eadf1b4088fb37d,doc_3ea18d0a5a27011df96b854f,通义灵码,official_changelog,NEEDS_REVIEW,"[""CONTENT_TOO_SHORT""]",data/raw/tongyi_lingma/changelog/20260717T031124Z_6bad9f7c/ba31e544f6e84900ef86c011.html,https://help.aliyun.com/zh/lingma/qoder-cn-update-log,codex-ai-precheck,2026-07-17T03:45:48.495681Z
ver_2bc4cc171d35116ae686779c,doc_4c5a399f411ba552eb061b99,通义灵码,official_changelog,NEEDS_REVIEW,"[""CONTENT_TOO_SHORT""]",data/raw/tongyi_lingma/changelog/20260717T031124Z_6bad9f7c/ba31e544f6e84900ef86c011.html,https://help.aliyun.com/zh/lingma/qoder-cn-update-log,codex-ai-precheck,2026-07-17T03:45:48.495681Z
ver_3641b4ecf217db7dbe8d93eb,doc_504b1c030970ef43653998ab,通义灵码,official_changelog,NEEDS_REVIEW,"[""CONTENT_TOO_SHORT""]",data/raw/tongyi_lingma/changelog/20260717T031124Z_6bad9f7c/ba31e544f6e84900ef86c011.html,https://help.aliyun.com/zh/lingma/qoder-cn-update-log,codex-ai-precheck,2026-07-17T03:45:48.495681Z
ver_a4b0c37c1c126e9018223dc2,doc_51d380d8bf671680d0c75084,通义灵码,official_changelog,NEEDS_REVIEW,"[""CONTENT_TOO_SHORT""]",data/raw/tongyi_lingma/changelog/20260717T031124Z_6bad9f7c/6972cfe000aa96869c72b34c.html,https://help.aliyun.com/zh/lingma/qoder-cn-cli,codex-ai-precheck,2026-07-17T03:45:48.495681Z
ver_e76d1404d5b4657a716e962a,doc_53db52bb09eba8b69e3677df,通义灵码,official_changelog,NEEDS_REVIEW,"[""CONTENT_TOO_SHORT""]",data/raw/tongyi_lingma/changelog/20260717T031124Z_6bad9f7c/ba31e544f6e84900ef86c011.html,https://help.aliyun.com/zh/lingma/qoder-cn-update-log,codex-ai-precheck,2026-07-17T03:45:48.495681Z
ver_76d0bace59b18ff0d774164b,doc_5801d411213344576a32ef26,通义灵码,official_changelog,NEEDS_REVIEW,"[""NO_DIMENSION_LABEL"", ""CONTENT_TOO_SHORT""]",data/raw/tongyi_lingma/changelog/20260717T031124Z_6bad9f7c/ba31e544f6e84900ef86c011.html,https://help.aliyun.com/zh/lingma/qoder-cn-update-log,codex-ai-precheck,2026-07-17T03:45:48.495681Z
ver_ac90f8b18ac00366dea35c9f,doc_5df640dbcbcc4c8d6c50aadf,通义灵码,official_changelog,NEEDS_REVIEW,"[""NO_DIMENSION_LABEL""]",data/raw/tongyi_lingma/changelog/20260717T031124Z_6bad9f7c/6972cfe000aa96869c72b34c.html,https://help.aliyun.com/zh/lingma/qoder-cn-cli,codex-ai-precheck,2026-07-17T03:45:48.495681Z
ver_f64ffefbf05e1599186d62e8,doc_657d22370d53c4987cd628ba,通义灵码,official_changelog,NEEDS_REVIEW,"[""CONTENT_TOO_SHORT""]",data/raw/tongyi_lingma/changelog/20260717T031124Z_6bad9f7c/ba31e544f6e84900ef86c011.html,https://help.aliyun.com/zh/lingma/qoder-cn-update-log,codex-ai-precheck,2026-07-17T03:45:48.495681Z
ver_aa789f231d1157ca8808f2db,doc_6bb50b9110096e38ec767784,通义灵码,official_changelog,NEEDS_REVIEW,"[""CONTENT_TOO_SHORT""]",data/raw/tongyi_lingma/changelog/20260717T031124Z_6bad9f7c/ba31e544f6e84900ef86c011.html,https://help.aliyun.com/zh/lingma/qoder-cn-update-log,codex-ai-precheck,2026-07-17T03:45:48.495681Z
ver_f16486e6cf7042c4dd2bc4fc,doc_7e01a9f203a875e9dfd95ce0,通义灵码,official_changelog,NEEDS_REVIEW,"[""CONTENT_TOO_SHORT""]",data/raw/tongyi_lingma/changelog/20260717T031124Z_6bad9f7c/ba31e544f6e84900ef86c011.html,https://help.aliyun.com/zh/lingma/qoder-cn-update-log,codex-ai-precheck,2026-07-17T03:45:48.495681Z
ver_1c6f4cba2ba66c533195dbd4,doc_7f0bc33c248cf79aa60acd65,通义灵码,official_changelog,NEEDS_REVIEW,"[""CONTENT_TOO_SHORT""]",data/raw/tongyi_lingma/changelog/20260717T031124Z_6bad9f7c/ba31e544f6e84900ef86c011.html,https://help.aliyun.com/zh/lingma/qoder-cn-update-log,codex-ai-precheck,2026-07-17T03:45:48.495681Z
ver_62966a0d05ee38c7a2be4788,doc_808296aaa0123e994742ae1d,通义灵码,official_changelog,NEEDS_REVIEW,"[""CONTENT_TOO_SHORT""]",data/raw/tongyi_lingma/changelog/20260717T031124Z_6bad9f7c/ba31e544f6e84900ef86c011.html,https://help.aliyun.com/zh/lingma/qoder-cn-update-log,codex-ai-precheck,2026-07-17T03:45:48.495681Z
ver_4b2ae0104693b71af18dce70,doc_8cf3be5d9465b0388fb3abbd,通义灵码,official_changelog,NEEDS_REVIEW,"[""CONTENT_TOO_SHORT""]",data/raw/tongyi_lingma/changelog/20260717T031124Z_6bad9f7c/ba31e544f6e84900ef86c011.html,https://help.aliyun.com/zh/lingma/qoder-cn-update-log,codex-ai-precheck,2026-07-17T03:45:48.495681Z
ver_8a658251f169e8a276c4ccb3,doc_a3f4bb662398f27eab76fa24,通义灵码,official_changelog,NEEDS_REVIEW,"[""CONTENT_TOO_SHORT""]",data/raw/tongyi_lingma/changelog/20260717T031124Z_6bad9f7c/6972cfe000aa96869c72b34c.html,https://help.aliyun.com/zh/lingma/qoder-cn-cli,codex-ai-precheck,2026-07-17T03:45:48.495681Z
ver_415dd8a778f4c920a1428a40,doc_a6bee60600e17dcfdc5a936f,通义灵码,official_changelog,NEEDS_REVIEW,"[""CONTENT_TOO_SHORT""]",data/raw/tongyi_lingma/changelog/20260717T031124Z_6bad9f7c/ba31e544f6e84900ef86c011.html,https://help.aliyun.com/zh/lingma/qoder-cn-update-log,codex-ai-precheck,2026-07-17T03:45:48.495681Z
ver_d8da5be752222966b20060a1,doc_a97dae4fe88ac63977ad700d,通义灵码,official_changelog,NEEDS_REVIEW,"[""CONTENT_TOO_SHORT""]",data/raw/tongyi_lingma/changelog/20260717T031124Z_6bad9f7c/ba31e544f6e84900ef86c011.html,https://help.aliyun.com/zh/lingma/qoder-cn-update-log,codex-ai-precheck,2026-07-17T03:45:48.495681Z
ver_466c28dba428ba7b55c0b020,doc_acede89b122c9d74d76c3895,通义灵码,official_changelog,NEEDS_REVIEW,"[""CONTENT_TOO_SHORT""]",data/raw/tongyi_lingma/changelog/20260717T031124Z_6bad9f7c/ba31e544f6e84900ef86c011.html,https://help.aliyun.com/zh/lingma/qoder-cn-update-log,codex-ai-precheck,2026-07-17T03:45:48.495681Z
ver_85cc65d8b83ee6e4039a9f45,doc_b86203cbcd3a715b5d8334a5,通义灵码,official_changelog,NEEDS_REVIEW,"[""CONTENT_TOO_SHORT""]",data/raw/tongyi_lingma/changelog/20260717T031124Z_6bad9f7c/ba31e544f6e84900ef86c011.html,https://help.aliyun.com/zh/lingma/qoder-cn-update-log,codex-ai-precheck,2026-07-17T03:45:48.495681Z
ver_fe103170a9b9b7a74bde735b,doc_bd200da269f7c210c009d7d5,通义灵码,official_changelog,NEEDS_REVIEW,"[""NO_DIMENSION_LABEL""]",data/raw/tongyi_lingma/changelog/20260717T031124Z_6bad9f7c/ba31e544f6e84900ef86c011.html,https://help.aliyun.com/zh/lingma/qoder-cn-update-log,codex-ai-precheck,2026-07-17T03:45:48.495681Z
ver_cefe51b76a7aec9949082bc3,doc_c8471885d2ff163a089c45eb,通义灵码,official_changelog,NEEDS_REVIEW,"[""CONTENT_TOO_SHORT""]",data/raw/tongyi_lingma/changelog/20260717T031124Z_6bad9f7c/6972cfe000aa96869c72b34c.html,https://help.aliyun.com/zh/lingma/qoder-cn-cli,codex-ai-precheck,2026-07-17T03:45:48.495681Z
ver_7c5e5bab173b9d5149a8a636,doc_d9c89fa7f22a41f37c5ee144,通义灵码,official_changelog,NEEDS_REVIEW,"[""CONTENT_TOO_SHORT""]",data/raw/tongyi_lingma/changelog/20260717T031124Z_6bad9f7c/ba31e544f6e84900ef86c011.html,https://help.aliyun.com/zh/lingma/qoder-cn-update-log,codex-ai-precheck,2026-07-17T03:45:48.495681Z
ver_bc9e295af1bff72491d72b52,doc_e4e44de10758682331cde99f,通义灵码,official_changelog,NEEDS_REVIEW,"[""NO_DIMENSION_LABEL""]",data/raw/tongyi_lingma/changelog/20260717T031124Z_6bad9f7c/9976656287ba47c35ffcbb1c.html,https://help.aliyun.com/zh/lingma/product-overview/qoderwake-cn-update-log,codex-ai-precheck,2026-07-17T03:45:48.495681Z
ver_4eb374a79db240747d1686dc,doc_e78e2d419be32a46abe3b157,通义灵码,official_changelog,NEEDS_REVIEW,"[""NO_DIMENSION_LABEL""]",data/raw/tongyi_lingma/changelog/20260717T031124Z_6bad9f7c/6972cfe000aa96869c72b34c.html,https://help.aliyun.com/zh/lingma/qoder-cn-cli,codex-ai-precheck,2026-07-17T03:45:48.495681Z
ver_aa0724552addd6b6f1a56e9d,doc_ebff5cc4c645837a8a430b97,通义灵码,official_changelog,NEEDS_REVIEW,"[""NO_DIMENSION_LABEL"", ""CONTENT_TOO_SHORT""]",data/raw/tongyi_lingma/changelog/20260717T031124Z_6bad9f7c/ba31e544f6e84900ef86c011.html,https://help.aliyun.com/zh/lingma/qoder-cn-update-log,codex-ai-precheck,2026-07-17T03:45:48.495681Z
ver_6d3662b0a27923bdf0731f7e,doc_ec16ab68e3ba8a5d60746234,通义灵码,official_changelog,NEEDS_REVIEW,"[""CONTENT_TOO_SHORT""]",data/raw/tongyi_lingma/changelog/20260717T031124Z_6bad9f7c/6972cfe000aa96869c72b34c.html,https://help.aliyun.com/zh/lingma/qoder-cn-cli,codex-ai-precheck,2026-07-17T03:45:48.495681Z
ver_3466dba173e6ab2192508897,doc_f06ecc6eef0673bdbb2e0f33,通义灵码,official_changelog,NEEDS_REVIEW,"[""CONTENT_TOO_SHORT""]",data/raw/tongyi_lingma/changelog/20260717T031124Z_6bad9f7c/ba31e544f6e84900ef86c011.html,https://help.aliyun.com/zh/lingma/qoder-cn-update-log,codex-ai-precheck,2026-07-17T03:45:48.495681Z
ver_e5ac444b282378c062f837b7,doc_f488521342bdc46668e4ffbe,通义灵码,official_changelog,NEEDS_REVIEW,"[""CONTENT_TOO_SHORT""]",data/raw/tongyi_lingma/changelog/20260717T031124Z_6bad9f7c/ba31e544f6e84900ef86c011.html,https://help.aliyun.com/zh/lingma/qoder-cn-update-log,codex-ai-precheck,2026-07-17T03:45:48.495681Z
ver_d6e74121f2ec7eac1f03ff2e,doc_f85d6ef5ffedaac4b8c6e424,通义灵码,official_changelog,NEEDS_REVIEW,"[""CONTENT_TOO_SHORT""]",data/raw/tongyi_lingma/changelog/20260717T031124Z_6bad9f7c/ba31e544f6e84900ef86c011.html,https://help.aliyun.com/zh/lingma/qoder-cn-update-log,codex-ai-precheck,2026-07-17T03:45:48.495681Z
ver_5bf9cdee840477519d0efc35,doc_718761b281eaa91de36c7030,通义灵码,pricing,NEEDS_REVIEW,"[""SENSITIVE_EMAIL""]",data/raw/tongyi_lingma/pricing/20260717T031124Z_6bad9f7c/533f5feddb05f695d34997ef.html,https://help.aliyun.com/zh/lingma/product-overview/billing-description,codex-ai-precheck,2026-07-17T03:45:48.495681Z
